1,0,CONNECTICUT,370792,9000,,157130
1,10,FAIRFIELD,59775,9001,,25915
1,30,HARTFORD,69967,9003,,29121
1,50,LITCHFIELD,45253,9005,,19408
1,70,MIDDLESEX,27216,9007,,11294
1,90,NEW HAVEN,65588,9009,,27594
1,110,NEW LONDON,51821,9011,,21997
1,130,TOLLAND,20091,9013,,8445
1,150,WINDHAM,31081,9015,,13356
2,0,MAINE,583169,23000,,288997
2,30,AROOSTOOK,12529,23003,,7189
2,50,CUMBERLAND,79538,23005,,36251
2,70,FRANKLIN,20027,23007,,10121
2,90,HANCOCK,34372,23009,,18387
2,110,KENNEBEC,62521,23011,,29758
2,150,LINCOLN,74875,23015,,35643
2,170,OXFORD,39763,23017,,19460
2,190,PENOBSCOT,63089,23019,,32460
2,210,PISCATAQUIS,14735,23021,,7771
2,250,SOMERSET,35581,23025,,18522
2,270,WALDO,47230,23027,,24698
2,290,WASHINGTON,38811,23029,,20998
2,310,YORK,60098,23031,,27739
3,0,MASSACHUSETTS,994514,25000,,420607
3,10,BARNSTABLE,35276,25001,,16083
3,30,BERKSHIRE,49591,25003,,22147
3,50,BRISTOL,76192,25005,,33719
3,70,DUKES,4540,25007,,1830
3,90,ESSEX,131300,25009,,55198
3,110,FRANKLIN,30870,25011,,13408
3,130,HAMPDEN,51283,25013,,21459
3,150,HAMPSHIRE,35732,25015,,15290
3,170,MIDDLESEX,161383,25017,,67330
3,190,NANTUCKET,8452,25019,,3396
3,210,NORFOLK,78892,25021,,33334
3,230,PLYMOUTH,55697,25023,,23737
3,250,SUFFOLK,144517,25025,,58856
3,270,WORCESTER,130789,25027,,54820
4,0,NEW HAMPSHIRE,317976,33000,,137422
4,10,BELKNAP,17721,33001,,7446
4,30,CARROLL,20157,33003,,9283
4,50,CHESHIRE,30144,33005,,12501
4,70,COOS,11853,33007,,5850
4,90,GRAFTON,42343,33009,,19121
4,110,HILLSBOROUGH,57478,33011,,23930
4,130,MERRIMACK,40337,33013,,17191
4,150,ROCKINGHAM,49194,33015,,20797
4,170,STRAFFORD,29374,33017,,12853
4,190,SULLIVAN,19375,33019,,8450
5,0,RHODE ISLAND,147545,44000,,63709
5,10,BRISTOL,8514,44001,,3467
5,30,KENT,15068,44003,,6610
5,50,NEWPORT,20007,44005,,8527
5,70,PROVIDENCE,87526,44007,,37743
5,90,WASHINGTON,16430,44009,,7362
6,0,VERMONT,314120,50000,,146296
6,10,ADDISON,26549,50001,,12275
6,30,BENNINGTON,18589,50003,,8743
6,50,CALEDONIA,23595,50005,,10906
6,70,CHITTENDEN,29036,50007,,13815
6,90,ESSEX,4650,50009,,2287
6,110,FRANKLIN,28586,50011,,14316
6,130,GRAND ISLE,4145,50013,,2144
6,150,LAMOILLE,10872,50015,,5211
6,170,ORANGE,27296,50017,,12433
6,190,ORLEANS,15707,50019,,7887
6,210,RUTLAND,33059,50021,,15050
6,230,WASHINGTON,24654,50023,,11607
6,250,WINDHAM,29062,50025,,12764
6,270,WINDSOR,38320,50027,,16858
11,0,DELAWARE,91532,10000,,48366
11,10,KENT,22816,10001,,12706
11,30,NEW CASTLE,42780,10003,,21395
11,50,SUSSEX,25936,10005,,14265
12,0,NEW JERSEY,489555,34000,,242618
12,10,ATLANTIC,8961,34001,,4976
12,30,BERGEN,14725,34003,,7012
12,50,BURLINGTON,43203,34005,,21714
12,70,CAMDEN,25422,34007,,12774
12,90,CAPE MAY,6433,34009,,3270
12,110,CUMBERLAND,17189,34011,,8789
12,130,ESSEX,73950,34013,,34550
12,150,GLOUCESTER,14655,34015,,7564
12,170,HUDSON,21822,34017,,10220
12,190,HUNTERDON,28990,34019,,14445
12,210,MERCER,27992,34021,,13190
12,230,MIDDLESEX,28635,34023,,13658
12,250,MONMOUTH,30313,34025,,15389
12,270,MORRIS,30158,34027,,14934
12,290,OCEAN,10032,34029,,5407
12,310,PASSAIC,22569,34031,,11308
12,330,SALEM,19467,34033,,10039
12,350,SOMERSET,19692,34035,,9458
12,370,SUSSEX,22989,34037,,12297
12,410,WARREN,22358,34041,,11624
13,0,NEW YORK,3097394,36000,,1457015
13,10,ALBANY,93279,36001,,44213
13,30,ALLEGANY,37808,36003,,19294
13,70,BROOME,30660,36007,,14998
13,90,CATTARAUGUS,38950,36009,,19252
13,110,CAYUGA,55458,36011,,25422
13,130,CHAUTAUQUA,50493,36013,,24918
13,150,CHEMUNG,28821,36015,,14281
13,170,CHENANGO,40311,36017,,18832
13,190,CLINTON,40047,36019,,21535
13,210,COLUMBIA,43073,36021,,19860
13,230,CORTLAND,25140,36023,,12182
13,250,DELAWARE,39834,36025,,19517
13,270,DUTCHESS,58992,36027,,26913
13,290,ERIE,100993,36029,,49145
13,310,ESSEX,31148,36031,,16044
13,330,FRANKLIN,25102,36033,,13249
13,350,FULTON,20171,36035,,9723
13,370,GENESEE,28488,36037,,13175
13,390,GREENE,33126,36039,,15881
13,410,HAMILTON,2188,36041,,1159
13,430,HERKIMER,38244,36043,,17887
13,450,JEFFERSON,68153,36045,,33653
13,470,KINGS,138882,36047,,63883
13,490,LEWIS,24564,36049,,12369
13,510,LIVINGSTON,40875,36051,,19566
13,530,MADISON,43072,36053,,19641
13,550,MONROE,87650,36055,,41403
13,570,MONTGOMERY,31992,36057,,15533
13,610,NEW YORK,515547,36061,,216921
13,630,NIAGARA,42276,36063,,21379
13,650,ONEIDA,99566,36065,,46632
13,670,ONONDAGA,85890,36067,,40108
13,690,ONTARIO,43929,36069,,20489
13,710,ORANGE,57145,36071,,27311
13,730,ORLEANS,28501,36073,,13934
13,750,OSWEGO,62198,36075,,31122
13,770,OTSEGO,48638,36077,,22424
13,790,PUTNAM,14138,36079,,6670
13,810,QUEENS,36833,36081,,16892
13,830,RENSSELAER,73363,36083,,34131
13,850,RICHMOND,15061,36085,,7152
13,870,ROCKLAND,16962,36087,,7862
13,890,ST LAWRENCE,68617,36089,,36025
13,910,SARATOGA,45646,36091,,20947
13,930,SCHENECTADY,20054,36093,,9264
13,950,SCHOHARIE,33548,36095,,17121
13,990,SENECA,25441,36099,,12522
13,1010,STEUBEN,63771,36101,,32604
13,1030,SUFFOLK,36922,36103,,17256
13,1050,SULLIVAN,25088,36105,,12754
13,1070,TIOGA,24880,36107,,12595
13,1090,TOMPKINS,38746,36109,,18254
13,1110,ULSTER,59384,36111,,28915
13,1130,WARREN,17199,36113,,8599
13,1150,WASHINGTON,44750,36115,,20671
13,1170,WAYNE,44953,36117,,21592
13,1190,WESTCHESTER,58263,36119,,26057
13,1210,WYOMING,31981,36121,,15553
13,1230,YATES,20590,36123,,9731
14,0,PENNSYLVANIA,2311786,42000,,1188163
14,10,ADAMS,25981,42001,,13669
14,30,ALLEGHENY,138290,42003,,69061
14,50,ARMSTRONG,29560,42005,,16465
14,70,BEAVER,26689,42007,,14173
14,90,BEDFORD,23052,42009,,12873
14,110,BERKS,77129,42011,,41188
14,130,BLAIR,21777,42013,,12002
14,150,BRADFORD,42831,42015,,22758
14,170,BUCKS,56091,42017,,27003
14,190,BUTLER,30346,42019,,16977
14,210,CAMBRIA,17773,42021,,9469
14,250,CARBON,15686,42025,,7899
14,270,CENTRE,23355,42027,,12813
14,290,CHESTER,66438,42029,,32953
14,310,CLARION,23565,42031,,13363
14,330,CLEARFIELD,12586,42033,,7084
14,350,CLINTON,11207,42035,,6241
14,370,COLUMBIA,17710,42037,,9600
14,390,CRAWFORD,37849,42039,,20571
14,410,CUMBERLAND,34327,42041,,17807
14,430,DAUPHIN,35754,42043,,18675
14,450,DELAWARE,24679,42045,,12053
14,470,ELK,3531,42047,,1839
14,490,ERIE,38742,42049,,20125
14,510,FAYETTE,39112,42051,,21497
14,550,FRANKLIN,39904,42055,,21248
14,570,FULTON,7567,42057,,4157
14,590,GREENE,22136,42059,,12506
14,610,HUNTINGDON,24786,42061,,13296
14,630,INDIANA,27170,42063,,15007
14,650,JEFFERSON,13518,42065,,7683
14,670,JUNIATA,13029,42067,,7075
14,710,LANCASTER,98944,42071,,50373
14,730,LAWRENCE,21079,42073,,11402
14,750,LEBANON,26071,42075,,13717
14,770,LEHIGH,32479,42077,,16831
14,790,LUZERNE,56072,42079,,29286
14,810,LYCOMING,26257,42081,,14223
14,830,MCKEAN,5254,42083,,2842
14,850,MERCER,33172,42085,,18112
14,870,MIFFLIN,14980,42087,,7950
14,890,MONROE,13270,42089,,7531
14,910,MONTGOMERY,58291,42091,,28481
14,930,MONTOUR,13239,42093,,6968
14,950,NORTHAMPTON,40235,42095,,20583
14,970,NORTHUMBERLAND,23272,42097,,12803
14,990,PERRY,20088,42099,,11137
14,1010,PHILADELPHIA,408762,42101,,185074
14,1030,PIKE,5881,42103,,2984
14,1050,POTTER,6048,42105,,3323
14,1070,SCHUYLKILL,60713,42107,,33195
14,1110,SOMERSET,24416,42111,,13877
14,1130,SULLIVAN,3694,42113,,2096
14,1150,SUSQUEHANNA,28688,42115,,14867
14,1170,TIOGA,23987,42117,,13032
14,1190,UNION,26083,42119,,14357
14,1210,VENANGO,18310,42121,,10449
14,1230,WARREN,13671,42123,,7251
14,1250,WASHINGTON,44939,42125,,23222
14,1270,WAYNE,21890,42127,,10867
14,1290,WESTMORELAND,51726,42129,,26408
14,1310,WYOMING,10655,42131,,5667
14,1330,YORK,57450,42133,,30125
21,0,ILLINOIS,851470,17000,,479602
21,10,ADAMS,26508,17001,,14747
21,30,ALEXANDER,2484,17003,,1375
21,50,BOND,6144,17005,,3579
21,70,BOONE,7624,17007,,4027
21,90,BROWN,7198,17009,,4251
21,110,BUREAU,8841,17011,,4929
21,130,CALHOUN,3231,17013,,1723
21,150,CARROLL,4586,17015,,2493
21,170,CASS,7253,17017,,3981
21,190,CHAMPAIGN,2649,17019,,1530
21,210,CHRISTIAN,3203,17021,,1871
21,230,CLARK,9532,17023,,5794
21,250,CLAY,4289,17025,,2675
21,270,CLINTON,5139,17027,,2786
21,290,COLES,9335,17029,,5696
21,310,COOK,43385,17031,,20418
21,330,CRAWFORD,7135,17033,,4338
21,350,CUMBERLAND,3718,17035,,2329
21,370,DE KALB,7540,17037,,4137
21,390,DE WITT,5002,17039,,2943
21,430,DU PAGE,9290,17043,,4841
21,450,EDGAR,10692,17045,,6192
21,470,EDWARDS,3524,17047,,2144
21,490,EFFINGHAM,3799,17049,,2245
21,510,FAYETTE,8075,17051,,4924
21,550,FRANKLIN,5681,17055,,3548
21,570,FULTON,22508,17057,,13011
21,590,GALLATIN,5448,17059,,3154
21,610,GREENE,12429,17061,,7211
21,630,GRUNDY,3023,17063,,1582
21,650,HAMILTON,6362,17065,,3941
21,670,HANCOCK,14652,17067,,8302
21,690,HARDIN,2887,17069,,1740
21,710,HENDERSON,4612,17071,,2593
21,730,HENRY,3807,17073,,2117
21,750,IROQUOIS,4149,17075,,2396
21,770,JACKSON,5862,17077,,3584
21,790,JASPER,3220,17079,,1911
21,810,JEFFERSON,8109,17081,,5039
21,830,JERSEY,7354,17083,,4061
21,850,JO DAVIESS,18604,17085,,9909
21,870,JOHNSON,4114,17087,,2499
21,890,KANE,16703,17089,,8870
21,930,KENDALL,7730,17093,,4073
21,950,KNOX,13279,17095,,7759
21,970,LAKE,14226,17097,,7578
21,990,LA SALLE,17815,17099,,9371
21,1010,LAWRENCE,6121,17101,,3648
21,1030,LEE,5292,17103,,2920
21,1050,LIVINGSTON,1552,17105,,890
21,1070,LOGAN,5128,17107,,3085
21,1090,MCDONOUGH,7616,17109,,4512
21,1110,MCHENRY,14978,17111,,8240
21,1130,MCLEAN,10163,17113,,5933
21,1150,MACON,3988,17115,,2349
21,1170,MACOUPIN,12355,17117,,7239
21,1190,MADISON,20441,17119,,10654
21,1210,MARION,6720,17121,,4109
21,1230,MARSHALL,5180,17123,,2836
21,1250,MASON,5921,17125,,3312
21,1270,MASSAC,4092,17127,,2420
21,1290,MENARD,6349,17129,,3717
21,1310,MERCER,5246,17131,,3028
21,1330,MONROE,7679,17133,,4202
21,1350,MONTGOMERY,6277,17135,,3754
21,1370,MORGAN,16064,17137,,8941
21,1390,MOULTRIE,3234,17139,,2006
21,1410,OGLE,10020,17141,,5476
21,1430,PEORIA,17547,17143,,9281
21,1450,PERRY,5278,17145,,3160
21,1470,PIATT,1606,17147,,928
21,1490,PIKE,18819,17149,,11091
21,1510,POPE,3975,17151,,2414
21,1530,PULASKI,2265,17153,,1324
21,1550,PUTNAM,3924,17155,,2114
21,1570,RANDOLPH,11079,17157,,6115
21,1590,RICHLAND,4012,17159,,2407
21,1610,ROCK ISLAND,6937,17161,,3839
21,1630,ST CLAIR,20180,17163,,10689
21,1650,SALINE,5588,17165,,3440
21,1670,SANGAMON,19228,17167,,10658
21,1690,SCHUYLER,10573,17169,,6223
21,1710,SCOTT,7914,17171,,4514
21,1730,SHELBY,7807,17173,,4812
21,1750,STARK,3710,17175,,2174
21,1770,STEPHENSON,11666,17177,,6534
21,1790,TAZEWELL,12052,17179,,6562
21,1810,UNION,7615,17181,,4693
21,1830,VERMILION,11492,17183,,6727
21,1850,WABASH,4690,17185,,2755
21,1870,WARREN,8176,17187,,4686
21,1890,WASHINGTON,6953,17189,,4134
21,1910,WAYNE,6825,17191,,4187
21,1930,WHITE,8925,17193,,5392
21,1950,WHITESIDE,5361,17195,,2917
21,1970,WILL,16703,17197,,9052
21,1990,WILLIAMSON,7216,17199,,4590
21,2010,WINNEBAGO,11773,17201,,6157
21,2030,WOODFORD,4415,17203,,2545
22,0,INDIANA,988416,18000,,571626
22,10,ADAMS,5797,18001,,3486
22,30,ALLEN,16919,18003,,9455
22,50,BARTHOLOMEW,12428,18005,,7338
22,70,BENTON,1144,18007,,655
22,90,BLACKFORD,2860,18009,,1728
22,110,BOONE,11631,18011,,7060
22,130,BROWN,4846,18013,,3050
22,150,CARROLL,11015,18015,,6218
22,170,CASS,11021,18017,,6336
22,190,CLARK,15828,18019,,8660
22,210,CLAY,7944,18021,,4874
22,230,CLINTON,11869,18023,,7148
22,250,CRAWFORD,6524,18025,,4020
22,270,DAVIESS,10352,18027,,5761
22,290,DEARBORN,20166,18029,,11032
22,310,DECATUR,15107,18031,,8731
22,330,DE KALB,8251,18033,,4936
22,350,DELAWARE,10843,18035,,6502
22,370,DUBOIS,6321,18037,,3796
22,390,ELKHART,12690,18039,,7361
22,410,FAYETTE,10217,18041,,5600
22,430,FLOYD,14875,18043,,8055
22,450,FOUNTAIN,13253,18045,,7465
22,470,FRANKLIN,17968,18047,,10207
22,490,FULTON,5982,18049,,3533
22,510,GIBSON,10771,18051,,6251
22,530,GRANT,11092,18053,,6797
22,550,GREENE,12313,18055,,7457
22,570,HAMILTON,12684,18057,,7585
22,590,HANCOCK,9698,18059,,5806
22,610,HARRISON,15286,18061,,8962
22,630,HENDRICKS,14083,18063,,8278
22,650,HENRY,17605,18065,,10404
22,670,HOWARD,6657,18067,,4031
22,690,HUNTINGTON,7850,18069,,4513
22,710,JACKSON,11047,18071,,6634
22,730,JASPER,3540,18073,,2147
22,750,JAY,7047,18075,,4280
22,770,JEFFERSON,23916,18077,,13087
22,790,JENNINGS,12096,18079,,7119
22,810,JOHNSON,12101,18081,,7114
22,830,KNOX,11084,18083,,6280
22,850,KOSCIUSKO,10243,18085,,6100
22,870,LAGRANGE,8387,18087,,4690
22,890,LAKE,3991,18089,,2270
22,910,LA PORTE,12145,18091,,6573
22,930,LAWRENCE,12097,18093,,7017
22,950,MADISON,12375,18095,,7399
22,970,MARION,24103,18097,,13272
22,990,MARSHALL,5348,18099,,3227
22,1010,MARTIN,5941,18101,,3632
22,1030,MIAMI,11304,18103,,6637
22,1050,MONROE,11286,18105,,6635
22,1070,MONTGOMERY,18084,18107,,10490
22,1090,MORGAN,14576,18109,,8772
22,1130,NOBLE,7946,18113,,4694
22,1150,OHIO,5308,18115,,2980
22,1170,ORANGE,10809,18117,,6433
22,1190,OWEN,12106,18119,,7367
22,1210,PARKE,14968,18121,,8724
22,1230,PERRY,7268,18123,,4169
22,1250,PIKE,7720,18125,,4278
22,1270,PORTER,5234,18127,,2982
22,1290,POSEY,12549,18129,,7131
22,1310,PULASKI,2595,18131,,1528
22,1330,PUTNAM,18615,18133,,11155
22,1350,RANDOLPH,14725,18135,,8849
22,1370,RIPLEY,14820,18137,,8527
22,1390,RUSH,16445,18139,,9444
22,1410,ST JOSEPH,10954,18141,,6141
22,1430,SCOTT,5885,18143,,3485
22,1450,SHELBY,15502,18145,,9112
22,1470,SPENCER,8616,18147,,5081
22,1490,STARKE,557,18149,,337
22,1510,STEUBEN,6104,18151,,3506
22,1530,SULLIVAN,10141,18153,,6056
22,1550,SWITZERLAND,12932,18155,,7402
22,1570,TIPPECANOE,19377,18157,,10237
22,1590,TIPTON,3532,18159,,2141
22,1610,UNION,6944,18161,,3713
22,1630,VANDERBURGH,11414,18163,,6120
22,1650,VERMILLION,8661,18165,,4971
22,1670,VIGO,15289,18167,,8503
22,1690,WABASH,12138,18169,,7140
22,1710,WARREN,7387,18171,,4262
22,1730,WARRICK,8811,18173,,5334
22,1750,WASHINGTON,17040,18175,,9851
22,1770,WAYNE,25320,18177,,13881
22,1790,WELLS,6152,18179,,3701
22,1810,WHITE,4761,18181,,2854
22,1830,WHITLEY,5190,18183,,3071
23,0,MICHIGAN,397654,26000,,212066
23,50,ALLEGAN,5125,26005,,2618
23,150,BARRY,5072,26015,,2743
23,210,BERRIEN,11417,26021,,6242
23,230,BRANCH,12472,26023,,6673
23,250,CALHOUN,19162,26025,,9993
23,270,CASS,10907,26027,,6031
23,330,CHIPPEWA,898,26033,,403
23,370,CLINTON,5102,26037,,2902
23,450,EATON,7058,26045,,3946
23,490,GENESEE,12031,26049,,6560
23,590,HILLSDALE,16159,26059,,8640
23,610,HOUGHTON,708,26061,,200
23,630,HURON,210,26063,,92
23,650,INGHAM,8631,26065,,4798
23,670,IONIA,7597,26067,,4224
23,750,JACKSON,19431,26075,,10385
23,770,KALAMAZOO,13179,26077,,6921
23,810,KENT,12016,26081,,6345
23,870,LAPEER,7029,26087,,3892
23,910,LENAWEE,26372,26091,,14092
23,930,LIVINGSTON,13485,26093,,7450
23,970,MACKINAC/MICHILIM,3598,26097,,1548
23,990,MACOMB,15530,26099,,8593
23,1030,MARQUETTE,136,26103,,37
23,1050,MASON,93,26105,,22
23,1110,MIDLAND,65,26111,,43
23,1150,MONROE,14698,26115,,8304
23,1170,MONTCALM,891,26117,,498
23,1230,NEWAYGO,510,26123,,242
23,1250,OAKLAND,31270,26125,,16955
23,1270,OCEANA,300,26127,,122
23,1310,ONTONAGON,389,26131,,72
23,1390,OTTAWA,5587,26139,,2592
23,1450,SAGINAW,2609,26145,,1310
23,1470,ST CLAIR,10420,26147,,5655
23,1490,ST JOSEPH,12725,26149,,6833
23,1510,SANILAC,2112,26151,,1162
23,1530,SCHOOLCRAFT,16,26153,,4
23,1550,SHIAWASSEE,5230,26155,,2898
23,1570,TUSCOLA,291,26157,,145
23,1590,VAN BUREN,5800,26159,,3122
23,1610,WASHTENAW,28567,26161,,15000
23,1630,WAYNE,42756,26163,,21759
24,0,OHIO,1980329,39000,,1077593
24,10,ADAMS,18883,39001,,10675
24,30,ALLEN,12109,39003,,7173
24,50,ASHLAND,23813,39005,,13256
24,70,ASHTABULA,28767,39007,,14414
24,90,ATHENS,18215,39009,,10525
24,110,AUGLAIZE,11338,39011,,6549
24,130,BELMONT,34600,39013,,19022
24,150,BROWN,27332,39015,,15544
24,170,BUTLER,30789,39017,,16267
24,190,CARROLL,17685,39019,,9849
24,210,CHAMPAIGN,19782,39021,,10951
24,230,CLARK,22178,39023,,11781
24,250,CLERMONT,30455,39025,,16953
24,270,CLINTON,18838,39027,,10666
24,290,COLUMBIANA,33621,39029,,17864
24,310,COSHOCTON,25674,39031,,14915
24,330,CRAWFORD,18177,39033,,10410
24,350,CUYAHOGA,48099,39035,,23866
24,370,DARKE,20276,39037,,11939
24,390,DEFIANCE,6966,39039,,4009
24,410,DELAWARE,21817,39041,,12243
24,430,ERIE,18568,39043,,9321
24,450,FAIRFIELD,30264,39045,,16867
24,470,FAYETTE,12726,39047,,7318
24,490,FRANKLIN,42909,39049,,22384
24,510,FULTON,7781,39051,,4525
24,530,GALLIA,17063,39053,,9945
24,550,GEAUGA,17827,39055,,8897
24,570,GREENE,21946,39057,,11776
24,590,GUERNSEY,30438,39059,,17351
24,610,HAMILTON,156844,39061,,72896
24,630,HANCOCK,16751,39063,,10039
24,650,HARDIN,8251,39065,,4808
24,670,HARRISON,20157,39067,,11094
24,690,HENRY,3434,39069,,1937
24,710,HIGHLAND,25781,39071,,14576
24,730,HOCKING,14119,39073,,8562
24,750,HOLMES,20452,39075,,11626
24,770,HURON,26203,39077,,13669
24,790,JACKSON,12719,39079,,7593
24,810,JEFFERSON,29133,39081,,15728
24,830,KNOX,28872,39083,,16057
24,850,LAKE,14654,39085,,7382
24,870,LAWRENCE,15246,39087,,8878
24,890,LICKING,38846,39089,,20586
24,910,LOGAN,19162,39091,,10829
24,930,LORAIN,26086,39093,,13468
24,950,LUCAS,12363,39095,,6329
24,970,MADISON,10015,39097,,5600
24,990,MAHONING,23735,39099,,12600
24,1010,MARION,12618,39101,,7239
24,1030,MEDINA,24441,39103,,13114
24,1050,MEIGS,17971,39105,,10272
24,1070,MERCER,7712,39107,,4632
24,1090,MIAMI,24999,39109,,13588
24,1110,MONROE,28351,39111,,16808
24,1130,MONTGOMERY,38218,39113,,20216
24,1150,MORGAN,28585,39115,,16571
24,1170,MORROW,20280,39117,,11444
24,1190,MUSKINGUM,45049,39119,,24858
24,1230,OTTAWA,3308,39123,,1827
24,1250,PAULDING,1766,39125,,1000
24,1270,PERRY,20775,39127,,11886
24,1290,PICKAWAY,21006,39129,,11740
24,1310,PIKE,10953,39131,,6211
24,1330,PORTAGE,24419,39133,,12363
24,1350,PREBLE,21736,39135,,11900
24,1370,PUTNAM,7221,39137,,4214
24,1390,RICHLAND,30879,39139,,16781
24,1410,ROSS,32074,39141,,17392
24,1430,SANDUSKY,14305,39143,,8222
24,1450,SCIOTO,18428,39145,,10028
24,1470,SENECA,27104,39147,,15179
24,1490,SHELBY,13958,39149,,7968
24,1510,STARK,39878,39151,,21905
24,1530,SUMMIT,27485,39153,,14458
24,1550,TRUMBULL,30490,39155,,15928
24,1570,TUSCARAWAS,31761,39157,,18257
24,1590,UNION,12204,39159,,7036
24,1610,VAN WERT,4793,39161,,2757
24,1630,VINTON,9353,39163,,5698
24,1650,WARREN,25560,39165,,13288
24,1670,WASHINGTON,29540,39167,,17035
24,1690,WAYNE,32981,39169,,18011
24,1710,WILLIAMS,8018,39171,,4713
24,1730,WOOD,9157,39173,,5285
24,1750,WYANDOT,11194,39175,,6257
25,0,WISCONSIN,305391,55000,,156452
25,10,ADAMS,187,55001,,75
25,15,ADAMS-SAUK,,,,0
25,70,BAYFIELD/LA POINT,489,55007,,287
25,90,BROWN,6215,55009,,2944
25,150,CALUMET,1743,55015,,874
25,170,CHIPPEWA,615,55017,,164
25,175,CHIPPEWA-CRAWFORD,,,,0
25,210,COLUMBIA,9565,55021,,4813
25,230,CRAWFORD,2498,55023,,1230
25,250,DANE,16639,55025,,8659
25,270,DODGE,19138,55027,,10127
25,390,FOND DU LAC,14510,55039,,7511
25,430,GRANT,16169,55043,,8721
25,450,GREEN,8566,55045,,4912
25,490,IOWA,9525,55049,,5090
25,550,JEFFERSON,15317,55055,,7870
25,590,KENOSHA,10734,55059,,5484
25,650,LAFAYETTE,11531,55065,,6314
25,710,MANITOWOC,3702,55071,,1639
25,730,MARATHON,508,55073,,90
25,770,MARQUETTE,8641,55077,,4324
25,790,MILWAUKEE,31077,55079,,15139
25,970,PORTAGE,1250,55097,,461
25,1010,RACINE,14973,55101,,7587
25,1030,RICHLAND,903,55103,,493
25,1050,ROCK,20750,55105,,10526
25,1090,ST CROIX,624,55109,,224
25,1110,SAUK,4371,55111,,2257
25,1170,SHEBOYGAN,8379,55117,,4228
25,1270,WALWORTH,17862,55127,,9230
25,1310,WASHINGTON,19485,55131,,10434
25,1330,WAUKESHA,19258,55133,,9894
25,1390,WINNEBAGO,10167,55139,,4851
31,0,IOWA,192214,19000,,110782
31,50,ALLAMAKEE,777,19005,,420
31,70,APPANOOSE,3131,19007,,1919
31,110,BENTON,672,19011,,391
31,130,BLACK HAWK,135,19013,,75
31,150,BOONE,735,19015,,390
31,190,BUCHANAN,517,19019,,321
31,310,CEDAR,3941,19031,,2280
31,390,CLARKE,79,19039,,47
31,430,CLAYTON,3873,19043,,2048
31,450,CLINTON,2822,19045,,1601
31,490,DALLAS,854,19049,,501
31,510,DAVIS,7264,19051,,4436
31,530,DECATUR,965,19053,,606
31,550,DELAWARE,1759,19055,,1001
31,570,DES MOINES,12988,19057,,7162
31,610,DUBUQUE,10841,19061,,5885
31,650,FAYETTE,825,19065,,460
31,710,FREMONT,1244,19071,,746
31,870,HENRY,8707,19087,,5051
31,950,IOWA,822,19095,,482
31,970,JACKSON,7210,19097,,4052
31,990,JASPER,1280,19099,,793
31,1010,JEFFERSON,9904,19101,,6032
31,1030,JOHNSON,4472,19103,,2552
31,1050,JONES,3007,19105,,1747
31,1070,KEOKUK,4822,19107,,2935
31,1110,LEE,18861,19111,,10418
31,1130,LINN,5444,19113,,3167
31,1150,LOUISA,4939,19115,,2870
31,1170,LUCAS,471,19117,,261
31,1210,MADISON,1179,19121,,739
31,1230,MAHASKA,5989,19123,,3632
31,1250,MARION,5482,19125,,3176
31,1270,MARSHALL,338,19127,,205
31,1350,MONROE,2884,19135,,1697
31,1390,MUSCATINE,5731,19139,,3073
31,1450,PAGE,551,19145,,347
31,1530,POLK,4513,19153,,2685
31,1550,POTTAWATTAMIE,7828,19155,,4493
31,1570,POWESHIEK,615,19157,,365
31,1630,SCOTT,5986,19163,,3234
31,1710,TAMA,8,19171,,5
31,1730,TAYLOR,204,19173,,126
31,1770,VAN BUREN,12270,19177,,7255
31,1790,WAPELLO,8471,19179,,5051
31,1810,WARREN,961,19181,,558
31,1830,WASHINGTON,4957,19183,,2984
31,1850,WAYNE,340,19185,,208
31,1910,WINNESHIEK,546,19191,,300
33,0,MINNESOTA,6077,27000,,2670
33,90,BENTON,418,27009,,178
33,370,DAKOTA,584,27037,,221
33,610,ITASCA,97,27061,,49
33,690,KITTSON/PEMBINA,1134,27069,,697
33,875,MANKAHTA,158,27088,,21
33,1230,RAMSEY,2227,27123,,986
33,1570,WABASHA,243,27157,,110
33,1595,WAHNAHTA,160,27160,,63
33,1605,WAHNAHTA-MANKAHTA,,,,0
33,1630,WASHINGTON,1056,27163,,345
34,0,MISSOURI,682044,29000,,389335
34,10,ADAIR,2342,29001,,1437
34,30,ANDREW,9433,29003,,5748
34,50,ATCHISON,1678,29005,,987
34,70,AUDRAIN,3506,29007,,2127
34,90,BARRY,3467,29009,,2196
34,130,BATES,3669,29013,,2245
34,150,BENTON,5015,29015,,3055
34,190,BOONE,14979,29019,,8855
34,210,BUCHANAN,12975,29021,,7533
34,230,BUTLER,1616,29023,,1003
34,250,CALDWELL,2316,29025,,1424
34,270,CALLAWAY,13827,29027,,8263
34,290,CAMDEN,2338,29029,,1431
34,310,CAPE GIRARDEAU,13912,29031,,8259
34,330,CARROLL,5441,29033,,3300
34,370,CASS/VAN BUREN,6090,29037,,3681
34,390,CEDAR,3361,29039,,2127
34,410,CHARITON,7514,29041,,4397
34,450,CLARK,5527,29045,,3204
34,470,CLAY,10332,29047,,6031
34,490,CLINTON,3786,29049,,2297
34,510,COLE,6696,29051,,3728
34,530,COOPER,12950,29053,,7517
34,550,CRAWFORD,6397,29055,,4043
34,570,DADE,4246,29057,,2663
34,590,DALLAS,3648,29059,,2202
34,610,DAVIESS,5298,29061,,3301
34,630,DE KALB,2075,29063,,1309
34,655,DODGE,375,29231,,230
34,690,DUNKLIN,1229,29069,,746
34,710,FRANKLIN,11021,29071,,6103
34,730,GASCONADE,4996,29073,,2810
34,750,GENTRY,4248,29075,,2711
34,770,GREENE,12785,29077,,7820
34,790,GRUNDY,3006,29079,,1870
34,810,HARRISON,2447,29081,,1544
34,830,HENRY/RIVES,4052,29083,,2505
34,850,HICKORY,2329,29085,,1436
34,870,HOLT,3957,29087,,2410
34,890,HOWARD,13969,29089,,8177
34,950,JACKSON,14000,29095,,8220
34,970,JASPER,4223,29097,,2555
34,990,JEFFERSON,6928,29099,,4107
34,1010,JOHNSON,7464,29101,,4611
34,1030,KNOX,2894,29103,,1747
34,1050,LACLEDE,2498,29105,,1535
34,1070,LAFAYETTE,13690,29107,,7840
34,1090,LAWRENCE,4859,29109,,3014
34,1110,LEWIS,6578,29111,,3915
34,1130,LINCOLN,9421,29113,,5524
34,1150,LINN,4058,29115,,2576
34,1170,LIVINGSTON,4247,29117,,2591
34,1190,MCDONALD,2236,29119,,1321
34,1210,MACON,6565,29121,,4084
34,1230,MADISON,6003,29123,,3579
34,1270,MARION,12230,29127,,6998
34,1290,MERCER,2691,29129,,1707
34,1310,MILLER,3834,29131,,2390
34,1330,MISSISSIPPI,3123,29133,,1786
34,1350,MONITEAU,6004,29135,,3680
34,1370,MONROE,10541,29137,,6361
34,1390,MONTGOMERY,5489,29139,,3252
34,1410,MORGAN,4650,29141,,2754
34,1430,NEW MADRID,5541,29143,,3141
34,1450,NEWTON,4268,29145,,2650
34,1470,NODAWAY,2118,29147,,1381
34,1490,OREGON,1432,29149,,888
34,1510,OSAGE,6704,29151,,4061
34,1530,OZARK,2294,29153,,1497
34,1570,PERRY,7215,29157,,4230
34,1590,PETTIS,5150,29159,,3131
34,1630,PIKE,13609,29163,,7861
34,1650,PLATTE,16845,29165,,9954
34,1670,POLK,6186,29167,,3871
34,1690,PULASKI,3998,29169,,2494
34,1710,PUTNAM,1636,29171,,1057
34,1730,RALLS,6151,29173,,3643
34,1750,RANDOLPH,9439,29175,,5748
34,1770,RAY,10373,29177,,6300
34,1790,REYNOLDS,1849,29179,,1175
34,1810,RIPLEY,2830,29181,,1762
34,1830,ST CHARLES,11454,29183,,6323
34,1850,ST CLAIR,3556,29185,,2199
34,1870,ST FRANCOIS,4964,29187,,2876
34,1890,ST LOUIS,104978,29189,,44339
34,1930,STE GENEVIEVE,5313,29193,,3067
34,1950,SALINE,8843,29195,,5129
34,1970,SCHUYLER,3287,29197,,2036
34,1990,SCOTLAND,3782,29199,,2278
34,2010,SCOTT,3182,29201,,1885
34,2030,SHANNON,1199,29203,,752
34,2050,SHELBY,4253,29205,,2489
34,2070,STODDARD,4277,29207,,2715
34,2110,SULLIVAN,2983,29211,,1878
34,2130,TANEY,4373,29213,,2792
34,2150,TEXAS,2312,29215,,1380
34,2190,WARREN,5860,29219,,3381
34,2210,WASHINGTON,8811,29221,,5181
34,2230,WAYNE,4518,29223,,2772
34,2290,WRIGHT,3387,29229,,2147
40,0,VIRGINIA,1421661,51000,,773138
40,10,ACCOMACK,17890,51001,,9188
40,30,ALBEMARLE,25800,51003,,13617
40,50,ALLEGHANY,3515,51005,,1934
40,70,AMELIA,9770,51007,,5166
40,90,AMHERST,12699,51009,,6978
40,110,APPOMATTOX,9193,51011,,4944
40,130,ARLINGTON/ALEXAND,10008,51013,,4940
40,150,AUGUSTA,24610,51015,,13015
40,155,BARBOUR,9005,54001,,5428
40,170,BATH,3426,51017,,1892
40,190,BEDFORD,24080,51019,,12912
40,195,BERKELEY,11771,54003,,6104
40,215,BOONE,3237,54005,,1983
40,230,BOTETOURT,14908,51023,,7937
40,235,BRAXTON,4212,54007,,2500
40,245,BROOKE,5054,54009,,2605
40,250,BRUNSWICK,13894,51025,,7679
40,290,BUCKINGHAM,13837,51029,,7409
40,295,CABELL,6299,54011,,3701
40,310,CAMPBELL,23245,51031,,11752
40,330,CAROLINE,18456,51033,,10235
40,350,CARROLL,5909,51035,,3540
40,360,CHARLES CITY,5200,51036,,2749
40,370,CHARLOTTE,13955,51037,,7581
40,410,CHESTERFIELD,17489,51041,,8858
40,430,CLARKE,7352,51043,,4015
40,470,CULPEPER,12282,51047,,6683
40,490,CUMBERLAND,9751,51049,,5133
40,530,DINWIDDIE,25118,51053,,12260
40,535,DODDRIDGE,2750,54017,,1662
40,550,ELIZABETH CITY,4586,51650,,2375
40,570,ESSEX,10206,51057,,5729
40,590,FAIRFAX,10682,51059,,5624
40,610,FAUQUIER,20868,51061,,11359
40,615,FAYETTE,3955,54019,,2323
40,630,FLOYD,6458,51063,,3795
40,650,FLUVANNA,9487,51065,,4966
40,670,FRANKLIN,17430,51067,,10196
40,690,FREDERICK,15975,51069,,8375
40,710,GILES,6570,51071,,3794
40,715,GILMER,3475,54021,,2031
40,730,GLOUCESTER,10527,51073,,5791
40,750,GOOCHLAND,10352,51075,,5541
40,770,GRAYSON,6677,51077,,4022
40,775,GREENBRIER,10022,54025,,5437
40,790,GREENE,4400,51079,,2482
40,810,GREENSVILLE,5639,51081,,3106
40,830,HALIFAX,25962,51083,,14141
40,835,HAMPSHIRE,14036,54027,,7527
40,845,HANCOCK,4050,54029,,2264
40,850,HANOVER,15153,51085,,8046
40,855,HARDY,9543,54031,,5363
40,865,HARRISON,11728,54033,,6779
40,870,HENRICO,43572,51087,,20096
40,890,HENRY,8872,51089,,5164
40,910,HIGHLAND,4227,51091,,2339
40,930,ISLE OF WIGHT,9353,51093,,4856
40,935,JACKSON,6544,54035,,3932
40,950,JAMES CITY,4020,51095,,1965
40,955,JEFFERSON,15357,54037,,7969
40,965,KANAWHA,15353,54039,,8553
40,970,KING AND QUEEN,10319,51097,,5695
40,990,KING GEORGE,5971,51099,,3310
40,1010,KING WILLIAM,8779,51101,,4791
40,1030,LANCASTER,4708,51103,,2595
40,1050,LEE,10267,51105,,6220
40,1055,LEWIS,10031,54041,,5898
40,1065,LOGAN,3620,54045,,2253
40,1070,LOUDOUN,22079,51107,,11650
40,1090,LOUISA,16691,51109,,9194
40,1110,LUNENBURG,11692,51111,,6445
40,1130,MADISON,9331,51113,,5188
40,1141,MARION,10552,54049,,6202
40,1145,MARSHALL,10138,54051,,5902
40,1148,MASON,7539,54053,,4404
40,1150,MATHEWS,6714,51115,,3638
40,1170,MECKLENBURG,20630,51117,,11301
40,1175,MERCER,4222,54055,,2547
40,1190,MIDDLESEX,4394,51119,,2403
40,1195,MONONGALIA,12387,54061,,7100
40,1205,MONROE,10204,54063,,5674
40,1210,MONTGOMERY,8359,51121,,4711
40,1215,MORGAN,3557,54065,,1948
40,1230,NANSEMOND,12283,51123,,6422
40,1250,NELSON,12758,51125,,6892
40,1270,NEW KENT,6064,51127,,3249
40,1275,NICHOLAS,3963,54067,,2391
40,1290,NORFOLK,33036,51129,,16102
40,1310,NORTHAMPTON,7498,51131,,3933
40,1330,NORTHUMBERLAND,7346,51133,,4297
40,1350,NOTTOWAY,8437,51135,,4570
40,1355,OHIO,18006,54069,,9218
40,1370,ORANGE,10067,51137,,5476
40,1390,PAGE,7600,51139,,4318
40,1410,PATRICK,9609,51141,,5625
40,1415,PENDLETON,5795,54071,,3232
40,1430,PITTSYLVANIA,28796,51143,,16158
40,1445,POCAHONTAS,3598,54075,,2001
40,1450,POWHATAN,8178,51145,,4337
40,1455,PRESTON,11708,54077,,5690
40,1470,PRINCE EDWARD,11857,51147,,6282
40,1490,PRINCE GEORGE,7596,51149,,4269
40,1510,PRINCESS ANNE,7669,51154,,4064
40,1530,PRINCE WILLIAM,8129,51153,,4414
40,1550,PULASKI,5118,51155,,2977
40,1555,PUTNAM,5335,54079,,3000
40,1565,RALEIGH,1765,54081,,1047
40,1567,RANDOLPH,5243,54083,,3054
40,1570,RAPPAHANNOCK,9782,51157,,5438
40,1590,RICHMOND,6448,51159,,3485
40,1595,RITCHIE,3902,54085,,2277
40,1610,ROANOKE,8477,51161,,4768
40,1630,ROCKBRIDGE,16045,51163,,8438
40,1650,ROCKINGHAM,20294,51165,,11121
40,1670,RUSSELL,11919,51167,,7338
40,1690,SCOTT,9829,51169,,5999
40,1710,SHENANDOAH,13768,51171,,7178
40,1730,SMYTH,8162,51173,,4720
40,1750,SOUTHAMPTON,13521,51175,,7143
40,1770,SPOTSYLVANIA,14911,51177,,7943
40,1790,STAFFORD,8044,51179,,4299
40,1810,SURRY,5679,51181,,2842
40,1830,SUSSEX,9820,51183,,5254
40,1835,TAYLOR,5367,54091,,3036
40,1850,TAZEWELL,9942,51185,,5962
40,1859,TYLER,5498,54095,,3219
40,1870,WARREN,6607,51187,,3584
40,1875,WARWICK,1546,51700,,787
40,1910,WASHINGTON,14612,51191,,8259
40,1915,WAYNE,4760,54099,,2920
40,1930,WESTMORELAND,8080,51193,,4477
40,1935,WETZEL,4284,54103,,2571
40,1945,WIRT,3353,54105,,2061
40,1955,WOOD,9450,54107,,5373
40,1965,WYOMING,1645,54109,,1037
40,1970,WYTHE,12024,51197,,6815
40,1990,YORK,4460,51199,,2367
41,0,ALABAMA,771623,1000,,444252
41,10,AUTAUGA,15023,1001,,8553
41,30,BALDWIN,4414,1003,,2316
41,50,BARBOUR,23632,1005,,14029
41,70,BIBB,9969,1007,,6083
41,90,BLOUNT,7367,1009,,4571
41,130,BUTLER,10836,1013,,6515
41,150,CALHOUN/BENTON,17163,1015,,10382
41,170,CHAMBERS,23960,1017,,14605
41,190,CHEROKEE,13884,1019,,8340
41,230,CHOCTAW,8389,1023,,4892
41,250,CLARKE,9786,1025,,5434
41,310,COFFEE,5940,1031,,3676
41,350,CONECUH,9322,1035,,5539
41,370,COOSA,14543,1037,,8744
41,390,COVINGTON,3645,1039,,2241
41,450,DALE,6382,1045,,3935
41,470,DALLAS,29727,1047,,16187
41,490,DE KALB,8245,1049,,5199
41,570,FAYETTE,9681,1057,,5944
41,590,FRANKLIN,19610,1059,,11452
41,630,GREENE,31441,1063,,17433
41,670,HENRY,9019,1067,,5412
41,710,JACKSON,14088,1071,,8466
41,730,JEFFERSON,8989,1073,,5417
41,770,LAUDERDALE,17172,1077,,9998
41,790,LAWRENCE,15258,1079,,8899
41,830,LIMESTONE,16483,1083,,9496
41,850,LOWNDES,21915,1085,,12204
41,870,MACON,26898,1087,,15960
41,890,MADISON,26427,1089,,14944
41,910,MARENGO,27831,1091,,15093
41,930,MARION,7833,1093,,4836
41,950,MARSHALL,8846,1095,,5413
41,970,MOBILE,27600,1097,,12420
41,990,MONROE,12013,1099,,6780
41,1010,MONTGOMERY,29711,1101,,15810
41,1030,MORGAN/COTACO,10125,1103,,6002
41,1050,PERRY,22285,1105,,12596
41,1070,PICKENS,21512,1107,,12505
41,1090,PIKE,15920,1109,,9658
41,1110,RANDOLPH,11581,1111,,7236
41,1130,RUSSELL,19548,1113,,11387
41,1150,ST CLAIR,6829,1115,,4208
41,1170,SHELBY,9536,1117,,5813
41,1190,SUMTER,22250,1119,,12548
41,1210,TALLADEGA,18624,1121,,11509
41,1230,TALLAPOOSA,15584,1123,,8258
41,1250,TUSCALOOSA,18056,1125,,9631
41,1270,WALKER,5124,1127,,3215
41,1290,WASHINGTON,2713,1129,,1492
41,1310,WILCOX,17352,1131,,9979
41,1330,WINSTON/HANCOCK,1542,1133,,997
42,0,ARKANSAS,209897,5000,,125011
42,10,ARKANSAS,3245,5001,,1807
42,30,ASHLEY,2058,5003,,1193
42,70,BENTON,3710,5007,,2305
42,110,BRADLEY,3829,5011,,2247
42,150,CARROLL,4614,5015,,2985
42,170,CHICOT,5115,5017,,2649
42,190,CLARK,4070,5019,,2427
42,290,CONWAY,3583,5029,,2185
42,330,CRAWFORD,7960,5033,,4705
42,350,CRITTENDEN,2648,5035,,1437
42,390,DALLAS,6877,5039,,4152
42,410,DESHA,2911,5041,,1515
42,430,DREW,3276,5043,,1970
42,470,FRANKLIN,3972,5047,,2487
42,490,FULTON,1819,5049,,1113
42,550,GREENE,2593,5055,,1631
42,570,HEMPSTEAD,7672,5057,,4478
42,590,HOT SPRING,3609,5059,,2147
42,630,INDEPENDENCE,7767,5063,,4673
42,650,IZARD,3213,5065,,2045
42,670,JACKSON,3086,5067,,1798
42,690,JEFFERSON,5834,5069,,3379
42,710,JOHNSON,5227,5071,,3176
42,730,LAFAYETTE,5220,5073,,2795
42,750,LAWRENCE,5274,5075,,3252
42,870,MADISON,4823,5087,,3068
42,890,MARION,2308,5089,,1468
42,930,MISSISSIPPI,2368,5093,,1328
42,950,MONROE,2049,5095,,1172
42,970,MONTGOMERY,1958,5097,,1252
42,1010,NEWTON,1758,5101,,1124
42,1030,OUACHITA,9591,5103,,5724
42,1050,PERRY,978,5105,,603
42,1070,PHILLIPS,6935,5107,,3646
42,1090,PIKE,1861,5109,,1136
42,1110,POINSETT,2308,5111,,1404
42,1130,POLK,1263,5113,,786
42,1150,POPE,4710,5115,,2924
42,1170,PRAIRIE,2097,5117,,1235
42,1190,PULASKI,5657,5119,,3050
42,1210,RANDOLPH,3275,5121,,1981
42,1230,ST FRANCIS,4479,5123,,2659
42,1250,SALINE,3903,5125,,2386
42,1270,SCOTT,3083,5127,,1938
42,1290,SEARCY,1979,5129,,1245
42,1330,SEVIER,4240,5133,,2564
42,1390,UNION,10298,5139,,6005
42,1410,VAN BUREN,2864,5141,,1834
42,1430,WASHINGTON,9970,5143,,6230
42,1450,WHITE,2619,5145,,1583
42,1490,YELL,3341,5149,,2115
43,0,FLORIDA,87445,12000,,47833
43,10,ALACHUA,2524,12001,,1468
43,130,CALHOUN,1377,12013,,789
43,230,COLUMBIA,4808,12023,,2874
43,250,DADE,159,12025,,49
43,310,DUVAL,4539,12031,,2482
43,330,ESCAMBIA,4351,12033,,2099
43,370,FRANKLIN,1561,12037,,623
43,390,GADSDEN,8784,12039,,5048
43,470,HAMILTON,2511,12047,,1511
43,530,HERNANDO/BENTON,926,12053,,502
43,570,HILLSBOROUGH,2377,12057,,1024
43,590,HOLMES,1205,12059,,718
43,630,JACKSON,6639,12063,,3753
43,650,JEFFERSON,7718,12065,,4461
43,730,LEON,11442,12073,,6010
43,750,LEVY,465,12075,,273
43,790,MADISON,5490,12079,,3107
43,830,MARION,3338,12083,,1889
43,870,MONROE,2645,12087,,1086
43,890,NASSAU,2164,12089,,1236
43,950,ORANGE/MOSQUITO,466,12095,,248
43,1070,PUTNAM,687,12107,,368
43,1090,ST JOHNS,2525,12109,,1336
43,1110,ST LUCIE/BREVARD,139,12009,,40
43,1130,SANTA ROSA,2883,12113,,1583
43,1290,WAKULLA,1955,12129,,1055
43,1310,WALTON,1817,12131,,1075
43,1330,WASHINGTON,1950,12133,,1126
44,0,GEORGIA,906185,13000,,527184
44,10,APPLING,2949,13001,,1857
44,70,BAKER,8120,13007,,4698
44,90,BALDWIN,8148,13009,,4479
44,150,BARTOW/CASS,13300,13015,,8006
44,210,BIBB,12699,13021,,6554
44,290,BRYAN,3424,13029,,1802
44,310,BULLOCH,4300,13031,,2661
44,330,BURKE,16100,13033,,8609
44,350,BUTTS,6488,13035,,3856
44,390,CAMDEN,6319,13039,,3419
44,410,CAMPBELL,7232,13041,,4482
44,450,CARROLL,9357,13045,,5823
44,455,CASS-GORDON,,,,0
44,510,CHATHAM,23901,13051,,10189
44,550,CHATTOOGA,6815,13055,,4103
44,570,CHEROKEE,12800,13057,,7733
44,590,CLARKE,11119,13059,,6241
44,650,CLINCH,637,13065,,405
44,670,COBB,13843,13067,,8431
44,730,COLUMBIA,11961,13073,,6689
44,770,COWETA,13635,13077,,8127
44,790,CRAWFORD,8984,13079,,5323
44,830,DADE,2680,13083,,1649
44,870,DECATUR,8262,13087,,4825
44,890,DE KALB,14328,13089,,8310
44,930,DOOLY,8361,13093,,5011
44,990,EARLY,7246,13099,,4228
44,1030,EFFINGHAM,3864,13103,,2121
44,1050,ELBERT,12959,13105,,7588
44,1070,EMANUEL,4577,13107,,2844
44,1130,FAYETTE,8709,13113,,5301
44,1150,FLOYD,8205,13115,,4892
44,1170,FORSYTH,8850,13117,,5367
44,1190,FRANKLIN,11513,13119,,6875
44,1230,GILMER,8440,13123,,5161
44,1270,GLYNN,4933,13127,,2469
44,1290,GORDON,5984,13129,,3646
44,1330,GREENE,13068,13133,,7435
44,1350,GWINNETT,11257,13135,,6698
44,1370,HABERSHAM,8895,13137,,5297
44,1390,HALL,8713,13139,,5200
44,1410,HANCOCK,11578,13141,,6584
44,1450,HARRIS,14721,13145,,8845
44,1490,HEARD,6923,13149,,4311
44,1510,HENRY,14726,13151,,9011
44,1530,HOUSTON,16450,13153,,9555
44,1550,IRWIN,3334,13155,,2124
44,1570,JACKSON,9768,13157,,5793
44,1590,JASPER,11486,13159,,6708
44,1630,JEFFERSON,9131,13163,,5130
44,1690,JONES,10224,13169,,6001
44,1750,LAURENS,6442,13175,,3764
44,1770,LEE,6660,13177,,3827
44,1790,LIBERTY,7926,13179,,4196
44,1810,LINCOLN,5998,13181,,3462
44,1850,LOWNDES,7714,13185,,4802
44,1870,LUMPKIN,8955,13187,,5328
44,1910,MCINTOSH,6027,13191,,3144
44,1930,MACON,7052,13193,,4124
44,1950,MADISON,5703,13195,,3338
44,1970,MARION,10280,13197,,6219
44,1990,MERIWETHER,16476,13199,,9943
44,2070,MONROE,16985,13207,,10181
44,2090,MONTGOMERY,2154,13209,,1291
44,2110,MORGAN,10744,13211,,6048
44,2130,MURRAY,14433,13213,,8533
44,2150,MUSCOGEE,18578,13215,,10241
44,2170,NEWTON,13296,13217,,7977
44,2210,OGLETHORPE,12259,13221,,7268
44,2230,PAULDING,7039,13223,,4377
44,2310,PIKE,14306,13231,,8613
44,2350,PULASKI,6627,13235,,3884
44,2370,PUTNAM,10794,13237,,6177
44,2410,RABUN,2448,13241,,1541
44,2430,RANDOLPH,12868,13243,,7661
44,2450,RICHMOND,16246,13245,,7652
44,2510,SCREVEN,6847,13251,,3969
44,2590,STEWART,16027,13259,,9555
44,2610,SUMTER,10322,13261,,6148
44,2630,TALBOT,16534,13263,,9943
44,2650,TALIAFERRO,5146,13265,,2974
44,2670,TATTNALL,3227,13267,,1920
44,2710,TELFAIR,3026,13271,,1835
44,2750,THOMAS,10103,13275,,6224
44,2850,TROUP,16879,13285,,10313
44,2890,TWIGGS,8179,13289,,4582
44,2910,UNION,7234,13291,,4457
44,2930,UPSON,9424,13293,,5633
44,2950,WALKER,13109,13295,,7951
44,2970,WALTON,10821,13297,,6392
44,2990,WARE,3888,13299,,2498
44,3010,WARREN,12425,13301,,7171
44,3030,WASHINGTON,11766,13303,,6756
44,3050,WAYNE,1499,13305,,936
44,3170,WILKES,12107,13317,,6994
44,3190,WILKINSON,8296,13319,,4876
45,0,LOUISIANA,517762,22000,,243990
45,50,ASCENSION,10752,22005,,4916
45,70,ASSUMPTION,10538,22007,,5026
45,90,AVOYELLES,9326,22009,,5140
45,130,BIENVILLE,5539,22013,,3358
45,150,BOSSIER,6962,22015,,3901
45,170,CADDO,8884,22017,,4806
45,190,CALCASIEU,3914,22019,,2326
45,210,CALDWELL,2815,22021,,1634
45,235,CARROLL,8789,22123,,4287
45,250,CATAHOULA,7132,22025,,3969
45,270,CLAIBORNE,7471,22027,,4495
45,290,CONCORDIA,7758,22029,,3258
45,310,DE SOTO,8023,22031,,4562
45,330,EAST BATON ROUGE,11977,22033,,5796
45,370,EAST FELICIANA,13598,22037,,7424
45,410,FRANKLIN,3251,22041,,1824
45,470,IBERVILLE,12278,22047,,5301
45,490,JACKSON,5566,22049,,3270
45,510,JEFFERSON,25093,22051,,11048
45,550,LAFAYETTE,6720,22055,,3782
45,570,LAFOURCHE,9532,22057,,4921
45,630,LIVINGSTON,3385,22063,,1877
45,650,MADISON,8773,22065,,4098
45,670,MOREHOUSE,3913,22067,,2166
45,690,NATCHITOCHES,14228,22069,,6852
45,710,ORLEANS,119460,22071,,43914
45,730,OUACHITA,5008,22073,,2686
45,750,PLAQUEMINES,7390,22075,,3154
45,770,POINTE COUPEE,11339,22077,,5192
45,790,RAPIDES,16561,22079,,8178
45,850,SABINE,4515,22085,,2683
45,870,ST BERNARD,3802,22087,,1473
45,890,ST CHARLES,5120,22089,,2009
45,910,ST HELENA,4561,22091,,2708
45,930,ST JAMES,11098,22093,,4890
45,950,ST JOHN THE BAPTI,7317,22095,,3219
45,970,ST LANDRY,22253,22097,,11926
45,990,ST MARTIN,11761,22099,,6178
45,1010,ST MARY,13697,22101,,6209
45,1030,ST TAMMANY,6364,22103,,3256
45,1070,TENSAS,9040,22107,,4160
45,1090,TERREBONNE,7724,22109,,4007
45,1110,UNION,8203,22111,,4873
45,1130,VERMILLION,3409,22113,,2035
45,1170,WASHINGTON,3408,22117,,2048
45,1210,WEST BATON ROUGE,6270,22121,,2791
45,1250,WEST FELICIANA,13245,22125,,6364
46,0,MISSISSIPPI,606526,28000,,346980
46,10,ADAMS,18601,28001,,8434
46,50,AMITE,9694,28005,,5696
46,70,ATTALA,10991,28007,,6676
46,110,BOLIVAR,2577,28011,,1270
46,150,CARROLL,18491,28015,,10827
46,170,CHICKASAW,16369,28017,,9791
46,190,CHOCTAW,11402,28019,,7059
46,210,CLAIBORNE,14941,28021,,7539
46,230,CLARKE,5477,28023,,3361
46,270,COAHOMA,2780,28027,,1481
46,290,COPIAH,11794,28029,,6966
46,310,COVINGTON,3338,28031,,2066
46,330,DE SOTO,19042,28033,,11103
46,370,FRANKLIN,5904,28037,,3345
46,410,GREENE,2018,28041,,1258
46,450,HANCOCK,3672,28045,,2013
46,470,HARRISON,4875,28047,,2404
46,490,HINDS,25340,28049,,13915
46,510,HOLMES,13928,28051,,7869
46,550,ISSAQUENA,4478,28055,,2082
46,570,ITAWAMBA,13528,28057,,8316
46,590,JACKSON,3196,28059,,1724
46,610,JASPER,6184,28061,,3799
46,630,JEFFERSON,13193,28063,,7048
46,670,JONES,2164,28067,,1347
46,690,KEMPER,12517,28069,,7565
46,710,LAFAYETTE,14069,28071,,8468
46,750,LAUDERDALE,8717,28075,,5318
46,770,LAWRENCE,6478,28077,,3841
46,790,LEAKE,5533,28079,,3394
46,870,LOWNDES,19544,28087,,10735
46,890,MADISON,18173,28089,,10053
46,910,MARION,4410,28091,,2692
46,930,MARSHALL,29689,28093,,17507
46,950,MONROE,21172,28095,,12405
46,990,NESHOBA,4728,28099,,2899
46,1010,NEWTON,4465,28101,,2839
46,1030,NOXUBEE,16299,28103,,9272
46,1050,OKTIBBEHA,9171,28105,,5424
46,1070,PANOLA,11444,28107,,6682
46,1110,PERRY,2438,28111,,1497
46,1130,PIKE,7360,28113,,4456
46,1150,PONTOTOC,17112,28115,,10363
46,1210,RANKIN,7227,28121,,4271
46,1230,SCOTT,3961,28123,,2471
46,1270,SIMPSON,4734,28127,,2916
46,1290,SMITH,4071,28129,,2519
46,1330,SUNFLOWER,1102,28133,,514
46,1350,TALLAHATCHIE,4643,28135,,2600
46,1390,TIPPAH,20741,28139,,12698
46,1410,TISHOMINGO,15490,28141,,9536
46,1430,TUNICA,1314,28143,,657
46,1490,WARREN,18120,28149,,9106
46,1510,WASHINGTON,8389,28151,,3937
46,1530,WAYNE,2892,28153,,1759
46,1570,WILKINSON,16914,28157,,8896
46,1590,WINSTON,7956,28159,,4846
46,1610,YALOBUSHA,17258,28161,,10112
46,1630,YAZOO,14418,28163,,7343
47,0,NORTH CAROLINA,869039,37000,,487556
47,10,ALAMANCE,11444,37001,,6210
47,30,ALEXANDER,5220,37003,,2965
47,70,ANSON,13489,37007,,8016
47,90,ASHE,8777,37009,,5241
47,130,BEAUFORT,13816,37013,,7414
47,150,BERTIE,12851,37015,,6944
47,170,BLADEN,9767,37017,,5578
47,190,BRUNSWICK,7272,37019,,3870
47,210,BUNCOMBE,13425,37021,,7955
47,230,BURKE,7772,37023,,4441
47,250,CABARRUS,9747,37025,,5413
47,270,CALDWELL,6317,37027,,3592
47,290,CAMDEN,6049,37029,,3314
47,310,CARTERET,6939,37031,,3806
47,330,CASWELL,15269,37033,,8531
47,350,CATAWBA,8862,37035,,5088
47,370,CHATHAM,18449,37037,,10424
47,390,CHEROKEE,6838,37039,,4214
47,410,CHOWAN,6721,37041,,3541
47,450,CLEVELAND,10396,37045,,6098
47,470,COLUMBUS,5909,37047,,3544
47,490,CRAVEN,14709,37049,,7610
47,510,CUMBERLAND,20610,37051,,11104
47,530,CURRITUCK,7236,37053,,4004
47,570,DAVIDSON,15320,37057,,8625
47,590,DAVIE,7866,37059,,4505
47,610,DUPLIN,13514,37061,,7715
47,650,EDGECOMBE,17189,37065,,9558
47,670,FORSYTH,11168,37067,,6072
47,690,FRANKLIN,11713,37069,,6682
47,710,GASTON,8073,37071,,4630
47,730,GATES,8426,37073,,4659
47,770,GRANVILLE,21249,37077,,11913
47,790,GREENE,6619,37079,,3701
47,810,GUILFORD,19754,37081,,10671
47,830,HALIFAX,16589,37083,,8935
47,870,HAYWOOD,7074,37087,,4260
47,890,HENDERSON,6853,37089,,4017
47,910,HERTFORD,8142,37091,,4470
47,950,HYDE,7636,37095,,4264
47,970,IREDELL,14719,37097,,8283
47,1010,JOHNSTON,13726,37101,,7869
47,1030,JONES,5038,37103,,2922
47,1070,LENOIR,7828,37107,,4539
47,1090,LINCOLN,7746,37109,,4294
47,1110,MCDOWELL,6246,37111,,3559
47,1130,MACON,6389,37113,,3737
47,1170,MARTIN,8307,37117,,4608
47,1190,MECKLENBURG,13914,37119,,7610
47,1230,MONTGOMERY,6872,37123,,3933
47,1250,MOORE,9342,37125,,5106
47,1270,NASH,10657,37127,,6156
47,1290,NEW HANOVER,17668,37129,,9247
47,1310,NORTHAMPTON,13335,37131,,7169
47,1330,ONSLOW,8283,37133,,4726
47,1350,ORANGE,17055,37135,,9341
47,1390,PASQUOTANK,8950,37139,,4651
47,1430,PERQUIMANS,7332,37143,,3943
47,1450,PERSON,10781,37145,,6184
47,1470,PITT,13397,37147,,7493
47,1510,RANDOLPH,15832,37151,,8744
47,1530,RICHMOND,9818,37153,,5627
47,1550,ROBESON,12826,37155,,7297
47,1570,ROCKINGHAM,14495,37157,,8301
47,1590,ROWAN,13870,37159,,7502
47,1610,RUTHERFORD,13550,37161,,7798
47,1630,SAMPSON,14585,37163,,8504
47,1670,STANLY,6922,37167,,4085
47,1690,STOKES,9206,37169,,5261
47,1710,SURRY,18443,37171,,10496
47,1770,TYRRELL,5133,37177,,2780
47,1790,UNION,10051,37179,,5996
47,1830,WAKE,24888,37183,,13859
47,1850,WARREN,13912,37185,,7644
47,1870,WASHINGTON,5664,37187,,3021
47,1890,WATAUGA,3400,37189,,2053
47,1910,WAYNE,13486,37191,,7640
47,1930,WILKES,12099,37193,,6921
47,1990,YANCEY,8205,37199,,5063
48,0,SOUTH CAROLINA,668507,45000,,365926
48,10,ABBEVILLE,32318,45001,,18838
48,70,ANDERSON,21475,45007,,12479
48,110,BARNWELL,26608,45011,,15224
48,130,BEAUFORT,38805,45013,,18114
48,190,CHARLESTON,72805,45019,,32803
48,230,CHESTER,18038,45023,,10165
48,250,CHESTERFIELD,10790,45025,,6149
48,290,COLLETON,39505,45029,,20650
48,310,DARLINGTON,16831,45031,,9682
48,370,EDGEFIELD,39262,45037,,22670
48,390,FAIRFIELD,21404,45039,,11937
48,430,GEORGETOWN,20647,45043,,10942
48,450,GREENVILLE,20156,45045,,11685
48,510,HORRY,7646,45051,,4468
48,550,KERSHAW,14473,45055,,7850
48,570,LANCASTER,10988,45057,,6199
48,590,LAURENS,23407,45059,,13366
48,630,LEXINGTON,12930,45063,,7345
48,670,MARION,17407,45067,,10230
48,690,MARLBORO,10789,45069,,6228
48,710,NEWBERRY,20143,45071,,11448
48,750,ORANGEBURG,23582,45075,,13744
48,770,PICKENS,16904,45077,,9950
48,790,RICHLAND,20243,45079,,10174
48,830,SPARTANBURG,26400,45083,,15195
48,850,SUMTER,33220,45085,,18908
48,870,UNION,19851,45087,,11295
48,890,WILLIAMSBURG,12447,45089,,7492
48,910,YORK,19433,45091,,10696
49,0,TEXAS,212592,48000,,119994
49,10,ANDERSON,2884,48001,,1737
49,50,ANGELINA,1165,48005,,709
49,150,AUSTIN,3841,48015,,2027
49,210,BASTROP,3099,48021,,1798
49,290,BEXAR,6052,48451,,2617
49,370,BOWIE,2912,48037,,1686
49,390,BRAZORIA,4841,48039,,2273
49,410,BRAZOS,614,48041,,374
49,510,BURLESON,1713,48051,,1015
49,550,CALDWELL,1329,48055,,755
49,570,CALHOUN,1110,48057,,562
49,615,CAMERON-STARR-WEB,8541,48999,,4225
49,670,CASS/DAVIS,4991,48067,,2883
49,730,CHEROKEE,6673,48073,,4001
49,850,COLLIN,1950,48085,,1172
49,890,COLORADO,2257,48089,,1227
49,910,COMAL,1723,48091,,864
49,970,COOKE,220,48097,,135
49,1130,DALLAS,2743,48113,,1641
49,1210,DENTON,641,48121,,378
49,1230,DE WITT,1716,48123,,973
49,1390,ELLIS,989,48139,,590
49,1470,FANNIN,3788,48147,,2249
49,1490,FAYETTE,3756,48149,,2128
49,1570,FORT BEND,2533,48157,,1304
49,1670,GALVESTON,4529,48167,,2138
49,1710,GILLESPIE,1240,48171,,563
49,1750,GOLIAD,648,48175,,317
49,1770,GONZALES,1492,48177,,835
49,1810,GRAYSON,2008,48181,,1240
49,1850,GRIMES,4008,48185,,2292
49,1870,GUADALUPE,1511,48187,,778
49,2010,HARRIS,4668,48201,,2388
49,2030,HARRISON,11822,48203,,6729
49,2090,HAYS,387,48209,,235
49,2130,HENDERSON,1237,48213,,775
49,2230,HOPKINS,2623,48223,,1621
49,2250,HOUSTON,2721,48225,,1641
49,2310,HUNT,1520,48231,,928
49,2390,JACKSON,996,48239,,528
49,2410,JASPER,1767,48241,,1086
49,2450,JEFFERSON,1836,48245,,1099
49,2570,KAUFMAN,1047,48257,,620
49,2770,LAMAR,3978,48277,,2401
49,2850,LAVACA,1571,48285,,943
49,2890,LEON,1946,48289,,1091
49,2910,LIBERTY,2522,48291,,1426
49,2930,LIMESTONE,2608,48293,,1511
49,3210,MATAGORDA,2124,48321,,1035
49,3250,MEDINA,909,48325,,391
49,3310,MILAM,2907,48331,,1681
49,3390,MONTGOMERY,2384,48339,,1384
49,3470,NACOGDOCHES,5193,48347,,3104
49,3490,NAVARRO,2190,48349,,1239
49,3495,NAVARRO-ELLIS-TAR,,,,0
49,3510,NEWTON,1689,48351,,1015
49,3550,NUECES,698,48355,,268
49,3650,PANOLA,3871,48365,,2293
49,3730,POLK,2348,48373,,1351
49,3870,RED RIVER,3906,48387,,2319
49,3910,REFUGIO,288,48391,,142
49,3950,ROBERTSON,934,48395,,534
49,4010,RUSK,8148,48401,,4803
49,4030,SABINE,2498,48403,,1463
49,4050,SAN AUGUSTINE,3648,48405,,2156
49,4090,SAN PATRICIO,200,48409,,95
49,4190,SHELBY,4239,48419,,2553
49,4230,SMITH,4292,48423,,2613
49,4270,STARR,,48427,,0
49,4390,TARRANT,664,48439,,339
49,4490,TITUS,3636,48449,,2239
49,4530,TRAVIS,3138,48453,,1743
49,4570,TYLER,1894,48457,,1148
49,4590,UPSHUR,3394,48459,,2043
49,4670,VAN ZANDT,1348,48467,,788
49,4690,VICTORIA,2019,48469,,1063
49,4710,WALKER,3964,48471,,2339
49,4770,WASHINGTON,5983,48477,,3485
49,4790,WEBB,,48479,,0
49,4810,WHARTON,1752,48481,,921
49,4910,WILLIAMSON,1568,48491,,939
51,0,KENTUCKY,982405,21000,,559566
51,10,ADAIR,9898,21001,,5828
51,30,ALLEN,8742,21003,,5061
51,50,ANDERSON,6260,21005,,3601
51,70,BALLARD,5496,21007,,3307
51,90,BARREN,20240,21009,,11800
51,110,BATH,12115,21011,,7045
51,150,BOONE,11185,21015,,6208
51,170,BOURBON,14466,21017,,8015
51,210,BOYLE,9116,21021,,5155
51,230,BRACKEN,8903,21023,,5028
51,250,BREATHITT,3785,21025,,2384
51,270,BRECKINRIDGE,10593,21027,,6203
51,290,BULLITT,6774,21029,,3784
51,310,BUTLER,5755,21031,,3461
51,330,CALDWELL,13048,21033,,7368
51,350,CALLOWAY,8096,21035,,4848
51,370,CAMPBELL,13127,21037,,6983
51,410,CARROLL,5526,21041,,3150
51,430,CARTER,6241,21043,,3842
51,450,CASEY,6556,21045,,3887
51,470,CHRISTIAN,19580,21047,,11082
51,490,CLARK,12683,21049,,7096
51,510,CLAY,5421,21051,,3303
51,530,CLINTON,4889,21053,,2891
51,550,CRITTENDEN,6351,21055,,3636
51,570,CUMBERLAND,7005,21057,,4070
51,590,DAVIESS,12362,21059,,7068
51,610,EDMONSON,4088,21061,,2486
51,650,ESTILL,5985,21065,,3699
51,670,FAYETTE,22735,21067,,11776
51,690,FLEMING,13914,21069,,7756
51,710,FLOYD,5714,21071,,3533
51,730,FRANKLIN,12462,21073,,6461
51,750,FULTON,4446,21075,,2649
51,770,GALLATIN,5137,21077,,2988
51,790,GARRARD,10237,21079,,5948
51,810,GRANT,6531,21081,,3759
51,830,GRAVES,11397,21083,,7003
51,850,GRAYSON,6837,21085,,4181
51,870,GREEN,9060,21087,,5365
51,890,GREENUP,9654,21089,,5595
51,910,HANCOCK,3853,21091,,2219
51,930,HARDIN,14525,21093,,8535
51,950,HARLAN,4268,21095,,2678
51,970,HARRISON,13064,21097,,7258
51,990,HART,9093,21099,,5441
51,1010,HENDERSON,12171,21101,,6888
51,1030,HENRY,11442,21103,,6442
51,1050,HICKMAN,4791,21105,,2856
51,1070,HOPKINS,12441,21107,,7392
51,1110,JEFFERSON,59831,21111,,28538
51,1130,JESSAMINE,10249,21113,,5757
51,1150,JOHNSON,3873,21115,,2480
51,1170,KENTON,17038,21117,,8845
51,1210,KNOX,7050,21121,,4246
51,1230,LARUE,5859,21123,,3396
51,1250,LAUREL,4145,21125,,2360
51,1270,LAWRENCE,6281,21127,,3908
51,1330,LETCHER,2512,21133,,1615
51,1350,LEWIS,7202,21135,,4056
51,1370,LINCOLN,10093,21137,,5728
51,1390,LIVINGSTON,6578,21139,,3666
51,1410,LOGAN,16581,21141,,9591
51,1450,MCCRACKEN,6067,21145,,3413
51,1510,MADISON,15727,21151,,9071
51,1550,MARION,11765,21155,,6890
51,1570,MARSHALL,5269,21157,,3223
51,1610,MASON,18344,21161,,9843
51,1630,MEADE,7393,21163,,4426
51,1670,MERCER,14067,21167,,7852
51,1710,MONROE,7756,21171,,4496
51,1730,MONTGOMERY,9903,21173,,5698
51,1750,MORGAN,7620,21175,,4769
51,1770,MUHLENBERG,9809,21177,,5701
51,1790,NELSON,14789,21179,,8301
51,1810,NICHOLAS,10361,21181,,5909
51,1830,OHIO,9749,21183,,5826
51,1850,OLDHAM,7629,21185,,4266
51,1870,OWEN,10444,21187,,5943
51,1890,OWSLEY,3774,21189,,2287
51,1910,PENDLETON,6774,21191,,4009
51,1930,PERRY,3092,21193,,1972
51,1950,PIKE,5365,21195,,3348
51,1990,PULASKI,14195,21199,,8538
51,2030,ROCKCASTLE,4697,21203,,2758
51,2070,RUSSELL,5349,21207,,3156
51,2090,SCOTT,14946,21209,,8443
51,2110,SHELBY,17095,21211,,9460
51,2130,SIMPSON,7733,21213,,4585
51,2150,SPENCER,6842,21215,,3938
51,2170,TAYLOR,7250,21217,,4254
51,2190,TODD,12268,21219,,7129
51,2210,TRIGG,10129,21221,,5824
51,2230,TRIMBLE,5963,21223,,3344
51,2250,UNION,9012,21225,,5275
51,2270,WARREN,15123,21227,,8703
51,2290,WASHINGTON,12194,21229,,7036
51,2310,WAYNE,8692,21231,,5238
51,2350,WHITLEY,7447,21235,,4703
51,2390,WOODFORD,12423,21239,,6741
52,0,MARYLAND,583034,24000,,298037
52,10,ALLEGANY,22769,24001,,11771
52,30,ANNE ARUNDEL,32393,24003,,17512
52,50,BALTIMORE,210646,24005,,99137
52,70,CALVERT,9646,24009,,5522
52,90,CAROLINE,9692,24011,,5376
52,110,CARROLL,20616,24013,,10607
52,130,CECIL,18939,24015,,9823
52,150,CHARLES,16162,24017,,9065
52,170,DORCHESTER,18877,24019,,10165
52,190,FREDERICK,40987,24021,,21529
52,230,HARFORD,19356,24025,,9867
52,270,KENT,11386,24029,,6191
52,290,MONTGOMERY,15860,24031,,8444
52,310,PRINCE GEORGES,21549,24033,,11657
52,330,QUEEN ANNES,14484,24035,,8048
52,350,SOMERSET,22456,24039,,11979
52,370,ST MARYS,13698,24037,,7586
52,390,TALBOT,13811,24041,,7315
52,410,WASHINGTON,30848,24043,,16498
52,450,WORCESTER,18859,24047,,9945
54,0,TENNESSEE,1002717,47000,,588393
54,10,ANDERSON,6938,47001,,4104
54,30,BEDFORD,21511,47003,,12810
54,50,BENTON,6315,47005,,3849
54,70,BLEDSOE,5959,47007,,3565
54,90,BLOUNT,12424,47009,,7094
54,110,BRADLEY,12259,47011,,7324
54,130,CAMPBELL,6068,47013,,3864
54,150,CANNON,8982,47015,,5445
54,170,CARROLL,15967,47017,,9477
54,190,CARTER,6296,47019,,3727
54,250,CLAIBORNE,9369,47025,,5703
54,290,COCKE,8300,47029,,4934
54,310,COFFEE,8351,47031,,5043
54,370,DAVIDSON,38882,47037,,20899
54,390,DECATUR,6003,47039,,3487
54,410,DE KALB,8016,47041,,4587
54,430,DICKSON,8404,47043,,4769
54,450,DYER,6361,47045,,3837
54,470,FAYETTE,26719,47047,,15450
54,490,FENTRESS,4454,47049,,2742
54,510,FRANKLIN,13768,47051,,8122
54,530,GIBSON,19548,47053,,11739
54,550,GILES,25949,47055,,15596
54,570,GRAINGER,12370,47057,,7485
54,590,GREENE,17824,47059,,10231
54,610,GRUNDY,2773,47061,,1681
54,650,HAMILTON,10075,47065,,6075
54,670,HANCOCK,5660,47067,,3384
54,690,HARDEMAN,17456,47069,,10437
54,710,HARDIN,10328,47071,,6232
54,730,HAWKINS,13370,47073,,7986
54,750,HAYWOOD,17259,47075,,10118
54,770,HENDERSON,13164,47077,,7870
54,790,HENRY,18233,47079,,10946
54,810,HICKMAN,9397,47081,,5559
54,850,HUMPHREYS,6422,47085,,3769
54,870,JACKSON,15673,47087,,9427
54,890,JEFFERSON,13204,47089,,7749
54,910,JOHNSON,3705,47091,,2196
54,930,KNOX,18807,47093,,10798
54,970,LAUDERDALE,5169,47097,,3047
54,990,LAWRENCE,9280,47099,,5699
54,1010,LEWIS,4438,47101,,2741
54,1030,LINCOLN,23492,47103,,13979
54,1070,MCMINN,13906,47107,,8158
54,1090,MCNAIRY,12864,47109,,7707
54,1110,MACON,6948,47111,,4038
54,1130,MADISON,21470,47113,,12556
54,1150,MARION,6314,47115,,3813
54,1170,MARSHALL,15616,47117,,9155
54,1190,MAURY,29520,47119,,17308
54,1210,MEIGS,4879,47121,,2866
54,1230,MONROE,11874,47123,,7018
54,1250,MONTGOMERY,21045,47125,,11661
54,1290,MORGAN,3430,47129,,2006
54,1310,OBION,7633,47131,,4627
54,1330,OVERTON,11211,47133,,6781
54,1350,PERRY,5821,47135,,3584
54,1390,POLK,6338,47139,,3845
54,1430,RHEA,4415,47143,,2576
54,1450,ROANE,12185,47145,,7098
54,1470,ROBERTSON,16145,47147,,9365
54,1490,RUTHERFORD,29122,47149,,16986
54,1510,SCOTT,1905,47151,,1142
54,1550,SEVIER,6920,47155,,4131
54,1570,SHELBY,31157,47157,,16892
54,1590,SMITH,18412,47159,,10809
54,1610,STEWART,9719,47161,,5377
54,1630,SULLIVAN,11742,47163,,6640
54,1650,SUMNER,22717,47165,,13273
54,1670,TIPTON,8887,47167,,5173
54,1750,VAN BUREN,2674,47175,,1675
54,1770,WARREN,10179,47177,,5979
54,1790,WASHINGTON,13861,47179,,8036
54,1810,WAYNE,8170,47181,,5024
54,1830,WEAKLEY,14608,47183,,8842
54,1850,WHITE,11444,47185,,6642
54,1870,WILLIAMSON,27201,47187,,16021
54,1890,WILSON,27443,47189,,16013
66,0,NEW MEXICO,61547,35000,,31574
66,10,BERNALILLO,7751,35001,,4097
66,390,RIO ARRIBO,10668,35039,,5841
66,470,SAN MIGUEL,7074,35047,,3742
66,475,SANTA ANNA,4645,35048,,2247
66,490,SANTA FE,7713,35049,,3560
66,550,TAOS,9507,35055,,5018
66,610,VALENCIA,14189,35061,,7069
67,0,UTAH,11380,49000,,6252
67,110,DAVIS,1134,49011,,628
67,210,IRON,360,49021,,188
67,350,SALT LAKE,6157,49035,,3437
67,390,SAN PETE,365,49039,,209
67,450,TOOELE,152,49045,,87
67,490,UTAH,2026,49049,,1100
67,570,WEBER,1186,49057,,603
71,0,CALIFORNIA,92597,6000,,11511
71,70,BUTTE,3574,6007,,264
71,90,CALAVERAS,16884,6009,,951
71,110,COLUSA,115,6011,,19
71,115,COLUSA-SHASTA-TRI,,,,0
71,130,CONTRA COSTA,,6013,,0
71,170,EL DORADO,20057,6017,,2078
71,370,LOS ANGELES,3530,6037,,1784
71,410,MARIN,323,6041,,118
71,430,MARIPOSA,4379,6043,,237
71,450,MENDOCINO,55,6045,,19
71,530,MONTEREY,1872,6053,,883
71,550,NAPA,405,6055,,205
71,670,SACRAMENTO,9087,6067,,937
71,730,SAN DIEGO,798,6073,,278
71,750,SAN FRANCISCO,,6075,,0
71,770,SAN JOAQUIN,3647,6077,,410
71,790,SAN LUIS OBISPO,336,6079,,187
71,830,SANTA BARBARA,1185,6083,,704
71,850,SANTA CLARA,,6085,,0
71,870,SANTA CRUZ,643,6087,,282
71,890,SHASTA,378,6089,,21
71,950,SOLANO,580,6095,,114
71,970,SONOMA,560,6097,,262
71,1010,SUTTER,3444,6101,,248
71,1050,TRINITY,1635,6105,,132
71,1090,TUOLUMNE,8351,6109,,735
71,1130,YOLO,1086,6113,,208
71,1150,YUBA,9673,6115,,435
72,0,OREGON,13294,41000,,6613
72,30,BENTON,814,41003,,490
72,50,CLACKAMAS,1859,41005,,902
72,70,CLATSOP,462,41007,,167
72,430,LINN,994,41043,,562
72,470,MARION,2749,41047,,1531
72,530,POLK,1051,41053,,625
72,670,WASHINGTON,2652,41067,,1125
72,710,YAM HILL,1512,41071,,844
72,2110,CLARK,643,53011,,153
72,2410,LEWIS,558,53041,,214
98,0,DIST COLUMBIA,51687,11001,,25203
98,3,WASHINGTON CITY,40001,11002,,19269
98,5,GEORGETOWN,8366,11003,,4196
98,7,RURAL WASHINGTON CO,3320,11004,,1738
100,0,UNITED STATES,23191876,100000,,12159462
