1,10,FAIRFIELD,95276,9001
1,30,HARTFORD,109007,9003
1,50,LITCHFIELD,48727,9005
1,70,MIDDLESEX,36099,9007
1,90,NEW HAVEN,121257,9009
1,110,NEW LONDON,66570,9011
1,130,TOLLAND,22000,9013
1,150,WINDHAM,38518,9015
1,0,CONNECTICUT,537454,9000
2,10,ANDROSCOGGIN,35866,23001
2,30,AROOSTOOK,29609,23003
2,50,CUMBERLAND,82021,23005
2,70,FRANKLIN,18807,23007
2,90,HANCOCK,36495,23009
2,110,KENNEBEC,53203,23011
2,130,KNOX,30823,23013
2,150,LINCOLN,25597,23015
2,170,OXFORD,33488,23017
2,190,PENOBSCOT,75150,23019
2,210,PISCATAQUIS,14403,23021
2,230,SAGADAHOC,18803,23023
2,250,SOMERSET,34611,23025
2,270,WALDO,34522,23027
2,290,WASHINGTON,43343,23029
2,310,YORK,60174,23031
2,0,MAINE,626915,23000
3,10,BARNSTABLE,32774,25001
3,30,BERKSHIRE,64827,25003
3,50,BRISTOL,102886,25005
3,70,DUKES,3787,25007
3,90,ESSEX,200843,25009
3,110,FRANKLIN,32635,25011
3,130,HAMPDEN,78409,25013
3,150,HAMPSHIRE,44388,25015
3,170,MIDDLESEX,274353,25017
3,190,NANTUCKET,4123,25019
3,210,NORFOLK,89443,25021
3,230,PLYMOUTH,65365,25023
3,250,SUFFOLK,270802,25025
3,270,WORCESTER,192716,25027
3,0,MASSACHUSETTS,1457351,25000
4,10,BELKNAP,17681,33001
4,30,CARROLL,17332,33003
4,50,CHESHIRE,27265,33005
4,70,COOS,14932,33007
4,90,GRAFTON,39103,33009
4,110,HILLSBOROUGH,64238,33011
4,130,MERRIMACK,42151,33013
4,150,ROCKINGHAM,47297,33015
4,170,STRAFFORD,30243,33017
4,190,SULLIVAN,18058,33019
4,0,NEW HAMPSHIRE,318300,33000
5,10,BRISTOL,9421,44001
5,30,KENT,18595,44003
5,50,NEWPORT,20050,44005
5,70,PROVIDENCE,149190,44007
5,90,WASHINGTON,20097,44009
5,0,RHODE ISLAND,217353,44000
6,10,ADDISON,23484,50001
6,30,BENNINGTON,21325,50003
6,50,CALEDONIA,22235,50005
6,70,CHITTENDEN,36480,50007
6,90,ESSEX,6811,50009
6,110,FRANKLIN,30291,50011
6,130,GRAND ISLE,4082,50013
6,150,LAMOILLE,12448,50015
6,170,ORANGE,23090,50017
6,190,ORLEANS,21035,50019
6,210,RUTLAND,40651,50021
6,230,WASHINGTON,26520,50023
6,250,WINDHAM,26036,50025
6,270,WINDSOR,36063,50027
6,0,VERMONT,330551,50000
11,10,KENT,29804,10001
11,30,NEW CASTLE,63515,10003
11,50,SUSSEX,31696,10005
11,0,DELAWARE,125015,10000
12,10,ATLANTIC,14093,34001
12,30,BERGEN,30122,34003
12,50,BURLINGTON,53639,34005
12,70,CAMDEN,46193,34007
12,90,CAPE MAY,8349,34009
12,110,CUMBERLAND,34665,34011
12,130,ESSEX,143839,34013
12,150,GLOUCESTER,21562,34015
12,170,HUDSON,129067,34017
12,190,HUNTERDON,36963,34019
12,210,MERCER,46386,34021
12,230,MIDDLESEX,45029,34023
12,250,MONMOUTH,46195,34025
12,270,MORRIS,43137,34027
12,290,OCEAN,13628,34029
12,310,PASSAIC,46416,34031
12,330,SALEM,23940,34033
12,350,SOMERSET,23510,34035
12,370,SUSSEX,23168,34037
12,390,UNION,41859,34039
12,410,WARREN,34336,34041
12,0,NEW JERSEY,906096,34000
13,10,ALBANY,133052,36001
13,30,ALLEGANY,40814,36003
13,70,BROOME,44103,36007
13,90,CATTARAUGUS,43909,36009
13,110,CAYUGA,59550,36011
13,130,CHAUTAUQUA,59327,36013
13,150,CHEMUNG,35281,36015
13,170,CHENANGO,40564,36017
13,190,CLINTON,47947,36019
13,210,COLUMBIA,47044,36021
13,230,CORTLAND,25173,36023
13,250,DELAWARE,42972,36025
13,270,DUTCHESS,74041,36027
13,290,ERIE,178699,36029
13,310,ESSEX,29042,36031
13,330,FRANKLIN,30271,36033
13,350,FULTON,27064,36035
13,370,GENESEE,31606,36037
13,390,GREENE,31832,36039
13,410,HAMILTON,2960,36041
13,430,HERKIMER,39929,36043
13,450,JEFFERSON,65415,36045
13,470,KINGS,419921,36047
13,490,LEWIS,28699,36049
13,510,LIVINGSTON,38309,36051
13,530,MADISON,43522,36053
13,550,MONROE,117868,36055
13,570,MONTGOMERY,34457,36057
13,610,NEW YORK,942292,36061
13,630,NIAGARA,50437,36063
13,650,ONEIDA,110008,36065
13,670,ONONDAGA,104183,36067
13,690,ONTARIO,45108,36069
13,710,ORANGE,80902,36071
13,730,ORLEANS,27689,36073
13,750,OSWEGO,77941,36075
13,770,OTSEGO,48967,36077
13,790,PUTNAM,15420,36079
13,810,QUEENS,73803,36081
13,830,RENSSELAER,99549,36083
13,850,RICHMOND,33029,36085
13,870,ROCKLAND,25213,36087
13,890,ST LAWRENCE,84826,36089
13,910,SARATOGA,51529,36091
13,930,SCHENECTADY,21347,36093
13,950,SCHOHARIE,33340,36095
13,970,SCHUYLER,18989,36097
13,990,SENECA,27823,36099
13,1010,STEUBEN,67717,36101
13,1030,SUFFOLK,46924,36103
13,1050,SULLIVAN,34550,36105
13,1070,TIOGA,30572,36107
13,1090,TOMPKINS,33178,36109
13,1110,ULSTER,84075,36111
13,1130,WARREN,22592,36113
13,1150,WASHINGTON,49568,36115
13,1170,WAYNE,47710,36117
13,1190,WESTCHESTER,131348,36119
13,1210,WYOMING,29164,36121
13,1230,YATES,19595,36123
13,0,NEW YORK,4382759,36000
14,10,ADAMS,30315,42001
14,30,ALLEGHENY,262204,42003
14,50,ARMSTRONG,43382,42005
14,70,BEAVER,36148,42007
14,90,BEDFORD,29635,42009
14,110,BERKS,106701,42011
14,130,BLAIR,38051,42013
14,150,BRADFORD,53204,42015
14,170,BUCKS,64336,42017
14,190,BUTLER,36510,42019
14,210,CAMBRIA,36569,42021
14,230,CAMERON,4273,42023
14,250,CARBON,28144,42025
14,270,CENTRE,34418,42027
14,290,CHESTER,77805,42029
14,310,CLARION,26537,42031
14,330,CLEARFIELD,25741,42033
14,350,CLINTON,23211,42035
14,370,COLUMBIA,28766,42037
14,390,CRAWFORD,63832,42039
14,410,CUMBERLAND,43912,42041
14,430,DAUPHIN,60740,42043
14,450,DELAWARE,39403,42045
14,470,ELK,8488,42047
14,490,ERIE,65973,42049
14,510,FAYETTE,43284,42051
14,530,FOREST,4010,42053
14,550,FRANKLIN,45365,42055
14,570,FULTON,9360,42057
14,590,GREENE,25887,42059
14,610,HUNTINGDON,31251,42061
14,630,INDIANA,36138,42063
14,650,JEFFERSON,21656,42065
14,670,JUNIATA,17390,42067
14,710,LANCASTER,121340,42071
14,730,LAWRENCE,27298,42073
14,750,LEBANON,34096,42075
14,770,LEHIGH,56796,42077
14,790,LUZERNE,160915,42079
14,810,LYCOMING,47626,42081
14,830,MCKEAN,8825,42083
14,850,MERCER,49977,42085
14,870,MIFFLIN,17508,42087
14,890,MONROE,18362,42089
14,910,MONTGOMERY,81612,42091
14,930,MONTOUR,15344,42093
14,950,NORTHAMPTON,61432,42095
14,970,NORTHUMBERLAND,41444,42097
14,990,PERRY,25447,42099
14,1010,PHILADELPHIA,674022,42101
14,1030,PIKE,8436,42103
14,1050,POTTER,11265,42105
14,1070,SCHUYLKILL,116428,42107
14,1090,SNYDER,15606,42109
14,1110,SOMERSET,28226,42111
14,1130,SULLIVAN,6191,42113
14,1150,SUSQUEHANNA,37523,42115
14,1170,TIOGA,35097,42117
14,1190,UNION,15565,42119
14,1210,VENANGO,47925,42121
14,1230,WARREN,23897,42123
14,1250,WASHINGTON,48483,42125
14,1270,WAYNE,33188,42127
14,1290,WESTMORELAND,58719,42129
14,1310,WYOMING,14585,42131
14,1330,YORK,76134,42133
14,0,PENNSYLVANIA,3521951,42000
21,10,ADAMS,56362,17001
21,30,ALEXANDER,10564,17003
21,50,BOND,13152,17005
21,70,BOONE,12942,17007
21,90,BROWN,12205,17009
21,110,BUREAU,32415,17011
21,130,CALHOUN,6562,17013
21,150,CARROLL,16705,17015
21,170,CASS,11580,17017
21,190,CHAMPAIGN,32737,17019
21,210,CHRISTIAN,20363,17021
21,230,CLARK,18719,17023
21,250,CLAY,15875,17025
21,270,CLINTON,16285,17027
21,290,COLES,25235,17029
21,310,COOK,349966,17031
21,330,CRAWFORD,13889,17033
21,350,CUMBERLAND,12223,17035
21,370,DE KALB,23265,17037
21,390,DE WITT,14768,17039
21,410,DOUGLAS,13484,17041
21,430,DU PAGE,16685,17043
21,450,EDGAR,21450,17045
21,470,EDWARDS,7565,17047
21,490,EFFINGHAM,15653,17049
21,510,FAYETTE,19638,17051
21,530,FORD,9103,17053
21,550,FRANKLIN,12652,17055
21,570,FULTON,38291,17057
21,590,GALLATIN,11134,17059
21,610,GREENE,20277,17061
21,630,GRUNDY,14938,17063
21,650,HAMILTON,13014,17065
21,670,HANCOCK,35935,17067
21,690,HARDIN,5113,17069
21,710,HENDERSON,12582,17071
21,730,HENRY,35506,17073
21,750,IROQUOIS,25782,17075
21,770,JACKSON,19634,17077
21,790,JASPER,11234,17079
21,810,JEFFERSON,17864,17081
21,830,JERSEY,15054,17083
21,850,JO DAVIESS,27820,17085
21,870,JOHNSON,11248,17087
21,890,KANE,39091,17089
21,910,KANKAKEE,24352,17091
21,930,KENDALL,12399,17093
21,950,KNOX,39522,17095
21,970,LAKE,21014,17097
21,990,LA SALLE,60792,17099
21,1010,LAWRENCE,12533,17101
21,1030,LEE,27171,17103
21,1050,LIVINGSTON,31471,17105
21,1070,LOGAN,23053,17107
21,1090,MCDONOUGH,26509,17109
21,1110,MCHENRY,23762,17111
21,1130,MCLEAN,53988,17113
21,1150,MACON,26481,17115
21,1170,MACOUPIN,32726,17117
21,1190,MADISON,44131,17119
21,1210,MARION,20622,17121
21,1230,MARSHALL,16956,17123
21,1250,MASON,16184,17125
21,1270,MASSAC,9581,17127
21,1290,MENARD,11735,17129
21,1310,MERCER,18769,17131
21,1330,MONROE,12982,17133
21,1350,MONTGOMERY,25314,17135
21,1370,MORGAN,28463,17137
21,1390,MOULTRIE,10385,17139
21,1410,OGLE,27492,17141
21,1430,PEORIA,47540,17143
21,1450,PERRY,13723,17145
21,1470,PIATT,10953,17147
21,1490,PIKE,30768,17149
21,1510,POPE,11437,17151
21,1530,PULASKI,8752,17153
21,1550,PUTNAM,6280,17155
21,1570,RANDOLPH,20859,17157
21,1590,RICHLAND,12803,17159
21,1610,ROCK ISLAND,29783,17161
21,1630,ST CLAIR,51068,17163
21,1650,SALINE,12714,17165
21,1670,SANGAMON,46352,17167
21,1690,SCHUYLER,17419,17169
21,1710,SCOTT,10530,17171
21,1730,SHELBY,25476,17173
21,1750,STARK,10751,17175
21,1770,STEPHENSON,30608,17177
21,1790,TAZEWELL,27903,17179
21,1810,UNION,16518,17181
21,1830,VERMILION,30388,17183
21,1850,WABASH,8841,17185
21,1870,WARREN,23174,17187
21,1890,WASHINGTON,17599,17189
21,1910,WAYNE,19758,17191
21,1930,WHITE,16846,17193
21,1950,WHITESIDE,27503,17195
21,1970,WILL,43013,17197
21,1990,WILLIAMSON,17329,17199
21,2010,WINNEBAGO,29301,17201
21,2030,WOODFORD,18956,17203
21,0,ILLINOIS,2539891,17000
22,10,ADAMS,11382,18001
22,30,ALLEN,43494,18003
22,50,BARTHOLOMEW,21133,18005
22,70,BENTON,5615,18007
22,90,BLACKFORD,6272,18009
22,110,BOONE,22593,18011
22,130,BROWN,8681,18013
22,150,CARROLL,16152,18015
22,170,CASS,24193,18017
22,190,CLARK,24770,18019
22,210,CLAY,19084,18021
22,230,CLINTON,17330,18023
22,250,CRAWFORD,9851,18025
22,270,DAVIESS,16747,18027
22,290,DEARBORN,24116,18029
22,310,DECATUR,19053,18031
22,330,DE KALB,17167,18033
22,350,DELAWARE,19030,18035
22,370,DUBOIS,12597,18037
22,390,ELKHART,26026,18039
22,410,FAYETTE,10476,18041
22,430,FLOYD,23300,18043
22,450,FOUNTAIN,16389,18045
22,470,FRANKLIN,20223,18047
22,490,FULTON,12726,18049
22,510,GIBSON,17371,18051
22,530,GRANT,18487,18053
22,550,GREENE,19514,18055
22,570,HAMILTON,20882,18057
22,590,HANCOCK,15123,18059
22,610,HARRISON,19913,18061
22,630,HENDRICKS,20277,18063
22,650,HENRY,22986,18065
22,670,HOWARD,15847,18067
22,690,HUNTINGTON,19036,18069
22,710,JACKSON,18974,18071
22,730,JASPER,6354,18073
22,750,JAY,15000,18075
22,770,JEFFERSON,29741,18077
22,790,JENNINGS,16218,18079
22,810,JOHNSON,18366,18081
22,830,KNOX,21562,18083
22,850,KOSCIUSKO,23531,18085
22,870,LAGRANGE,14148,18087
22,890,LAKE,12339,18089
22,910,LA PORTE,27062,18091
22,930,LAWRENCE,14628,18093
22,950,MADISON,22770,18095
22,970,MARION,71939,18097
22,990,MARSHALL,20211,18099
22,1010,MARTIN,11103,18101
22,1030,MIAMI,21052,18103
22,1050,MONROE,14168,18105
22,1070,MONTGOMERY,23765,18107
22,1090,MORGAN,17528,18109
22,1110,NEWTON,5829,18111
22,1130,NOBLE,20389,18113
22,1150,OHIO,5837,18115
22,1170,ORANGE,13497,18117
22,1190,OWEN,16137,18119
22,1210,PARKE,18166,18121
22,1230,PERRY,14801,18123
22,1250,PIKE,13779,18125
22,1270,PORTER,13942,18127
22,1290,POSEY,19185,18129
22,1310,PULASKI,7801,18131
22,1330,PUTNAM,21514,18133
22,1350,RANDOLPH,22862,18135
22,1370,RIPLEY,20977,18137
22,1390,RUSH,17626,18139
22,1410,ST JOSEPH,25322,18141
22,1430,SCOTT,7873,18143
22,1450,SHELBY,21892,18145
22,1470,SPENCER,17998,18147
22,1490,STARKE,3888,18149
22,1510,STEUBEN,12854,18151
22,1530,SULLIVAN,18453,18153
22,1550,SWITZERLAND,12134,18155
22,1570,TIPPECANOE,33515,18157
22,1590,TIPTON,11953,18159
22,1610,UNION,6341,18161
22,1630,VANDERBURGH,33145,18163
22,1650,VERMILLION,10840,18165
22,1670,VIGO,33549,18167
22,1690,WABASH,21305,18169
22,1710,WARREN,10204,18171
22,1730,WARRICK,17653,18173
22,1750,WASHINGTON,18495,18175
22,1770,WAYNE,34048,18177
22,1790,WELLS,13585,18179
22,1810,WHITE,10554,18181
22,1830,WHITLEY,14399,18183
22,0,INDIANA,1680637,18000
23,10,ALCONA,696,26001
23,50,ALLEGAN,32105,26005
23,70,ALPENA,2756,26007
23,90,ANTRIM,1985,26009
23,150,BARRY,22199,26015
23,170,BAY,15900,26017
23,190,BENZIE,2184,26019
23,210,BERRIEN,35104,26021
23,230,BRANCH,26226,26023
23,250,CALHOUN,36569,26025
23,270,CASS,21094,26027
23,290,CHARLEVOIX,1724,26029
23,310,CHEBOYGAN,2196,26031
23,330,CHIPPEWA,1689,26033
23,350,CLARE,366,26035
23,370,CLINTON,22845,26037
23,410,DELTA,2542,26041
23,450,EATON,25171,26045
23,470,EMMET,1211,26047
23,490,GENESEE,33900,26049
23,510,GLADWIN,,26051
23,550,GRAND TRAVERSE,4443,26055
23,570,GRATIOT,11810,26057
23,590,HILLSDALE,31684,26059
23,610,HOUGHTON,13879,26061
23,630,HURON,9049,26063
23,650,INGHAM,25268,26065
23,670,IONIA,27681,26067
23,690,IOSCO,3163,26069
23,730,ISABELLA,4113,26073
23,750,JACKSON,36047,26075
23,770,KALAMAZOO,32054,26077
23,790,KALKASKA,424,26079
23,810,KENT,50403,26081
23,830,KEWEENAW,4205,26083
23,850,LAKE,548,26085
23,870,LAPEER,21345,26087
23,890,LEELANAU,4576,26089
23,910,LENAWEE,45595,26091
23,930,LIVINGSTON,19336,26093
23,970,MACKINAC/MICHILIM,1716,26097
23,990,MACOMB,27616,26099
23,1010,MANISTEE,6074,26101
23,1015,MANITOU,891,26101.09961
23,1030,MARQUETTE,15033,26103
23,1050,MASON,3263,26105
23,1070,MECOSTA,5642,26107
23,1090,MENOMINEE,1791,26109
23,1110,MIDLAND,3285,26111
23,1130,MISSAUKEE,130,26113
23,1150,MONROE,27483,26115
23,1170,MONTCALM,13629,26117
23,1190,MONTMORENCY,,26119
23,1210,MUSKEGON,14894,26121
23,1230,NEWAYGO,7294,26123
23,1250,OAKLAND,40867,26125
23,1270,OCEANA,7222,26127
23,1290,OGEMAW,12,26129
23,1310,ONTONAGON,2845,26131
23,1330,OSCEOLA,2093,26133
23,1350,OSCODA,70,26135
23,1370,OTSEGO,,26137
23,1390,OTTAWA,26651,26139
23,1410,PRESQUE ISLE,355,26141
23,1430,ROSCOMMON,,26143
23,1450,SAGINAW,39097,26145
23,1470,ST CLAIR,36661,26147
23,1490,ST JOSEPH,26275,26149
23,1510,SANILAC,14562,26151
23,1530,SCHOOLCRAFT,,26153
23,1550,SHIAWASSEE,20858,26155
23,1570,TUSCOLA,13714,26157
23,1590,VAN BUREN,28829,26159
23,1610,WASHTENAW,41434,26161
23,1630,WAYNE,119038,26163
23,1650,WEXFORD,650,26165
23,0,MICHIGAN,1184059,26000
24,10,ADAMS,20750,39001
24,30,ALLEN,23623,39003
24,50,ASHLAND,21933,39005
24,70,ASHTABULA,32517,39007
24,90,ATHENS,23768,39009
24,110,AUGLAIZE,20041,39011
24,130,BELMONT,39714,39013
24,150,BROWN,30802,39015
24,170,BUTLER,39912,39017
24,190,CARROLL,14491,39019
24,210,CHAMPAIGN,24188,39021
24,230,CLARK,32070,39023
24,250,CLERMONT,34268,39025
24,270,CLINTON,21914,39027
24,290,COLUMBIANA,38299,39029
24,310,COSHOCTON,23600,39031
24,330,CRAWFORD,25556,39033
24,350,CUYAHOGA,132010,39035
24,370,DARKE,32278,39037
24,390,DEFIANCE,15719,39039
24,410,DELAWARE,25175,39041
24,430,ERIE,28188,39043
24,450,FAIRFIELD,31138,39045
24,470,FAYETTE,17170,39047
24,490,FRANKLIN,63019,39049
24,510,FULTON,17789,39051
24,530,GALLIA,25545,39053
24,550,GEAUGA,14190,39055
24,570,GREENE,28038,39057
24,590,GUERNSEY,23838,39059
24,610,HAMILTON,260370,39061
24,630,HANCOCK,23847,39063
24,650,HARDIN,18714,39065
24,670,HARRISON,18682,39067
24,690,HENRY,14028,39069
24,710,HIGHLAND,29133,39071
24,730,HOCKING,17925,39073
24,750,HOLMES,18177,39075
24,770,HURON,28532,39077
24,790,JACKSON,21759,39079
24,810,JEFFERSON,29188,39081
24,830,KNOX,26333,39083
24,850,LAKE,15935,39085
24,870,LAWRENCE,31380,39087
24,890,LICKING,35756,39089
24,910,LOGAN,23028,39091
24,930,LORAIN,30308,39093
24,950,LUCAS,46722,39095
24,970,MADISON,15633,39097
24,990,MAHONING,31001,39099
24,1010,MARION,16184,39101
24,1030,MEDINA,20092,39103
24,1050,MEIGS,31465,39105
24,1070,MERCER,17254,39107
24,1090,MIAMI,32740,39109
24,1110,MONROE,25779,39111
24,1130,MONTGOMERY,64006,39113
24,1150,MORGAN,20363,39115
24,1170,MORROW,18583,39117
24,1190,MUSKINGUM,44886,39119
24,1210,NOBLE,19949,39121
24,1230,OTTAWA,13364,39123
24,1250,PAULDING,8544,39125
24,1270,PERRY,18453,39127
24,1290,PICKAWAY,24875,39129
24,1310,PIKE,15447,39131
24,1330,PORTAGE,24584,39133
24,1350,PREBLE,21809,39135
24,1370,PUTNAM,17081,39137
24,1390,RICHLAND,32516,39139
24,1410,ROSS,37097,39141
24,1430,SANDUSKY,25503,39143
24,1450,SCIOTO,29302,39145
24,1470,SENECA,30827,39147
24,1490,SHELBY,20748,39149
24,1510,STARK,52508,39151
24,1530,SUMMIT,34674,39153
24,1550,TRUMBULL,38659,39155
24,1570,TUSCARAWAS,33840,39157
24,1590,UNION,18730,39159
24,1610,VAN WERT,15823,39161
24,1630,VINTON,15027,39163
24,1650,WARREN,26689,39165
24,1670,WASHINGTON,40609,39167
24,1690,WAYNE,35116,39169
24,1710,WILLIAMS,20991,39171
24,1730,WOOD,24596,39173
24,1750,WYANDOT,18553,39175
24,0,OHIO,2665260,39000
25,10,ADAMS,6601,55001
25,30,ASHLAND,221,55003
25,50,BARRON/DALLAS,538,55005
25,70,BAYFIELD/LA POINT,344,55007
25,90,BROWN,25168,55009
25,110,BUFFALO,11123,55011
25,130,BURNETT,706,55013
25,150,CALUMET,12335,55015
25,170,CHIPPEWA,8311,55017
25,190,CLARK,3450,55019
25,210,COLUMBIA,28802,55021
25,230,CRAWFORD,13075,55023
25,250,DANE,53096,55025
25,270,DODGE,47035,55027
25,290,DOOR,4919,55029
25,310,DOUGLAS,1122,55031
25,330,DUNN,9488,55033
25,350,EAU CLAIRE,10769,55035
25,390,FOND DU LAC,46273,55039
25,430,GRANT,37979,55043
25,450,GREEN,23611,55045
25,470,GREEN LAKE,13195,55047
25,490,IOWA,24544,55049
25,530,JACKSON,7687,55053
25,550,JEFFERSON,34040,55055
25,570,JUNEAU,12372,55057
25,590,KENOSHA,13147,55059
25,610,KEWAUNEE,10128,55061
25,630,LA CROSSE,20297,55063
25,650,LAFAYETTE,22659,55065
25,710,MANITOWOC,33364,55071
25,730,MARATHON,5885,55073
25,770,MARQUETTE,8056,55077
25,790,MILWAUKEE,89930,55079
25,810,MONROE,16550,55081
25,830,OCONTO,8321,55083
25,870,OUTAGAMIE,18430,55087
25,890,OZAUKEE,15564,55089
25,910,PEPIN,4659,55091
25,930,PIERCE,9958,55093
25,950,POLK,3422,55095
25,970,PORTAGE,10634,55097
25,1010,RACINE,26740,55101
25,1030,RICHLAND,15731,55103
25,1050,ROCK,39030,55105
25,1090,ST CROIX,11035,55109
25,1110,SAUK,23860,55111
25,1150,SHAWANO,3166,55115
25,1170,SHEBOYGAN,31749,55117
25,1210,TREMPEALEAU,10732,55121
25,1230,VERNON/BAD AX,18645,55123
25,1270,WALWORTH,25972,55127
25,1310,WASHINGTON,23919,55131
25,1330,WAUKESHA,28274,55133
25,1350,WAUPACA,15539,55135
25,1370,WAUSHARA,11279,55137
25,1390,WINNEBAGO,37279,55139
25,1410,WOOD,3912,55141
25,0,WISCONSIN,1054670,55000
31,10,ADAIR,3982,19001
31,30,ADAMS,4614,19003
31,50,ALLAMAKEE,17868,19005
31,70,APPANOOSE,16456,19007
31,90,AUDUBON,1212,19009
31,110,BENTON,22454,19011
31,130,BLACK HAWK,21706,19013
31,150,BOONE,14584,19015
31,170,BREMER,12528,19017
31,190,BUCHANAN,17034,19019
31,210,BUENA VISTA,1585,19021
31,230,BUTLER,9951,19023
31,250,CALHOUN,1602,19025
31,270,CARROLL,2451,19027
31,290,CASS,5464,19029
31,310,CEDAR,19731,19031
31,330,CERRO GORDO,4722,19033
31,350,CHEROKEE,1967,19035
31,370,CHICKASAW,10180,19037
31,390,CLARKE,8735,19039
31,410,CLAY,1523,19041
31,430,CLAYTON,27771,19043
31,450,CLINTON,35357,19045
31,470,CRAWFORD,2530,19047
31,490,DALLAS,12019,19049
31,510,DAVIS,15565,19051
31,530,DECATUR,12018,19053
31,550,DELAWARE,17432,19055
31,570,DES MOINES,27256,19057
31,590,DICKINSON,1389,19059
31,610,DUBUQUE,38969,19061
31,630,EMMET,1392,19063
31,650,FAYETTE,16973,19065
31,670,FLOYD,10768,19067
31,690,FRANKLIN,4738,19069
31,710,FREMONT,11174,19071
31,730,GREENE,4627,19073
31,750,GRUNDY,6399,19075
31,770,GUTHRIE,7061,19077
31,790,HAMILTON,6055,19079
31,810,HANCOCK,999,19081
31,830,HARDIN,13684,19083
31,850,HARRISON,8931,19085
31,870,HENRY,21463,19087
31,890,HOWARD,6282,19089
31,910,HUMBOLDT,2596,19091
31,930,IDA,226,19093
31,950,IOWA,16644,19095
31,970,JACKSON,22619,19097
31,990,JASPER,22116,19099
31,1010,JEFFERSON,17839,19101
31,1030,JOHNSON,24898,19103
31,1050,JONES,19731,19105
31,1070,KEOKUK,19434,19107
31,1090,KOSSUTH,3351,19109
31,1110,LEE,37210,19111
31,1130,LINN,31080,19113
31,1150,LOUISA,12877,19115
31,1170,LUCAS,10388,19117
31,1190,LYON/BUNCOMBE,221,19119
31,1210,MADISON,13884,19121
31,1230,MAHASKA,22508,19123
31,1250,MARION,24436,19125
31,1270,MARSHALL,17576,19127
31,1290,MILLS,8718,19129
31,1310,MITCHELL,9582,19131
31,1330,MONONA,3654,19133
31,1350,MONROE,12724,19135
31,1370,MONTGOMERY,5934,19137
31,1390,MUSCATINE,21688,19139
31,1410,O BRIEN,715,19141
31,1430,OSCEOLA,,19143
31,1450,PAGE,9975,19145
31,1470,PALO ALTO,1336,19147
31,1490,PLYMOUTH,2199,19149
31,1510,POCAHONTAS,1446,19151
31,1530,POLK,27857,19153
31,1550,POTTAWATTAMIE,16893,19155
31,1570,POWESHIEK,15581,19157
31,1590,RINGGOLD,5691,19159
31,1610,SAC,1411,19161
31,1630,SCOTT,38599,19163
31,1650,SHELBY,2540,19165
31,1670,SIOUX,576,19167
31,1690,STORY,11651,19169
31,1710,TAMA,16131,19171
31,1730,TAYLOR,6989,19173
31,1750,UNION,5986,19175
31,1770,VAN BUREN,17672,19177
31,1790,WAPELLO,22346,19179
31,1810,WARREN,17980,19181
31,1830,WASHINGTON,18952,19183
31,1850,WAYNE,11287,19185
31,1870,WEBSTER,10484,19187
31,1890,WINNEBAGO,1562,19189
31,1910,WINNESHIEK,23570,19191
31,1930,WOODBURY,6172,19193
31,1950,WORTH,2892,19195
31,1970,WRIGHT,2392,19197
31,0,IOWA,1194020,19000
32,10,ALLEN,7022,20001
32,30,ANDERSON,5220,20003
32,50,ATCHISON,15507,20005
32,90,BARTON,2,20009
32,110,BOURBON,15076,20011
32,130,BROWN,6823,20013
32,150,BUTLER,3035,20015
32,170,CHASE,1975,20017
32,210,CHEROKEE/MCGHEE,11038,20021
32,270,CLAY,2942,20027
32,290,CLOUD,2323,20029
32,310,COFFEY,6201,20031
32,350,COWLEY,1175,20035
32,370,CRAWFORD,8160,20037
32,410,DICKINSON,3043,20041
32,430,DONIPHAN,13969,20043
32,450,DOUGLAS,20592,20045
32,510,ELLIS,1336,20051
32,530,ELLSWORTH,1185,20053
32,570,FORD,427,20057
32,590,FRANKLIN,10385,20059
32,610,DAVIS/GEARY,5526,20061
32,730,GREENWOOD,3484,20073
32,835,HOWARD,2794,20082
32,850,JACKSON,6053,20085
32,870,JEFFERSON,12526,20087
32,890,JEWELL,207,20089
32,910,JOHNSON,13684,20091
32,990,LABETTE,9973,20099
32,1030,LEAVENWORTH,32444,20103
32,1050,LINCOLN,516,20105
32,1070,LINN,12174,20107
32,1110,LYON,8014,20111
32,1130,MCPHERSON,738,20113
32,1150,MARION,768,20115
32,1170,MARSHALL,6901,20117
32,1210,MIAMI/LYKINS,11725,20121
32,1230,MITCHELL,485,20123
32,1250,MONTGOMERY,7564,20125
32,1270,MORRIS,2225,20127
32,1310,NEMAHA,7339,20131
32,1330,NEOSHO/DORN,10206,20133
32,1350,NESS,2,20135
32,1390,OSAGE,7648,20139
32,1410,OSBORNE,33,20141
32,1430,OTTAWA,2127,20143
32,1450,PAWNEE,179,20145
32,1490,POTTAWATOMIE,7848,20149
32,1570,REPUBLIC,1281,20157
32,1590,RICE,5,20159
32,1610,RILEY,5105,20161
32,1670,RUSSELL,156,20167
32,1690,SALINE,4246,20169
32,1730,SEDGWICK,1095,20173
32,1770,SHAWNEE,13121,20177
32,1830,SMITH,66,20183
32,1910,SUMNER,22,20191
32,1950,TREGO,166,20195
32,1970,WABAUNSEE,3362,20197
32,1990,WALLACE,538,20199
32,2010,WASHINGTON,4081,20201
32,2050,WILSON,6694,20205
32,2070,WOODSON,3827,20207
32,2090,WYANDOTTE,10015,20209
32,0,KANSAS,364399,20000
33,10,AITKIN,178,27001
33,30,ANOKA,3940,27003
33,50,BECKER,308,27005
33,70,BELTRAMI,80,27007
33,90,BENTON,1558,27009
33,110,BIG STONE,24,27011
33,130,BLUE EARTH,17302,27013
33,150,BROWN,6396,27015
33,170,CARLTON,286,27017
33,190,CARVER,11586,27019
33,210,CASS,380,27021
33,230,CHIPPEWA,1467,27023
33,250,CHISAGO,4358,27025
33,270,CLAY,92,27027
33,330,COTTONWOOD,534,27033
33,350,CROW WING,200,27035
33,370,DAKOTA,16312,27037
33,390,DODGE,8598,27039
33,410,DOUGLAS,4239,27041
33,430,FARIBAULT,9940,27043
33,450,FILLMORE,24887,27045
33,470,FREEBORN,10578,27047
33,490,GOODHUE,22618,27049
33,510,GRANT,340,27051
33,530,HENNEPIN,31566,27053
33,550,HOUSTON,14936,27055
33,590,ISANTI,2035,27059
33,610,ITASCA,96,27061
33,630,JACKSON,1825,27063
33,650,KANABEC,93,27065
33,670,KANDIYOHI,1760,27067
33,690,KITTSON/PEMBINA,64,27069
33,730,LAC QUI PARLE (OLD),145,27071.09961
33,750,LAKE,135,27075
33,790,LE SUEUR,11607,27079
33,810,LINCOLN,,27081
33,850,MCLEOD,5643,27085
33,910,MARTIN,3867,27091
33,930,MEEKER,6090,27093
33,950,MILLE LACS,1109,27095
33,955,MONONGALIA,3161,27096
33,970,MORRISON,1681,27097
33,990,MOWER,10447,27099
33,1010,MURRAY,209,27101
33,1030,NICOLLET,8362,27103
33,1050,NOBLES,117,27105
33,1090,OLMSTED,19793,27109
33,1110,OTTER TAIL,1968,27111
33,1150,PINE,648,27115
33,1190,POLK,0,27119
33,1210,POPE,2691,27121
33,1230,RAMSEY,23085,27123
33,1270,REDWOOD,1829,27127
33,1290,RENVILLE,3219,27129
33,1310,RICE,16083,27131
33,1330,ROCK,138,27133
33,1370,ST LOUIS,4561,27137
33,1390,SCOTT,11042,27139
33,1410,SHERBURNE,2050,27141
33,1430,SIBLEY,6725,27143
33,1450,STEARNS,14206,27145
33,1470,STEELE,8271,27147
33,1490,STEVENS,174,27149
33,1530,TODD,2036,27153
33,1550,TRAVERSE,13,27155
33,1570,WABASHA,15859,27157
33,1590,WADENA,6,27159
33,1610,WASECA,7854,27161
33,1630,WASHINGTON,11809,27163
33,1650,WATONWAN,2426,27165
33,1670,WILKIN/TOOMBS,295,27167
33,1690,WINONA,22319,27169
33,1710,WRIGHT,9457,27171
33,0,MINNESOTA,439706,27000
34,10,ADAIR,11448,29001
34,30,ANDREW,15137,29003
34,50,ATCHISON,8440,29005
34,70,AUDRAIN,12307,29007
34,90,BARRY,10373,29009
34,110,BARTON,5087,29011
34,130,BATES,15960,29013
34,150,BENTON,11322,29015
34,170,BOLLINGER,8162,29017
34,190,BOONE,20765,29019
34,210,BUCHANAN,35109,29021
34,230,BUTLER,4298,29023
34,250,CALDWELL,11390,29025
34,270,CALLAWAY,19202,29027
34,290,CAMDEN,6108,29029
34,310,CAPE GIRARDEAU,17558,29031
34,330,CARROLL,17446,29033
34,350,CARTER,1455,29035
34,370,CASS/VAN BUREN,19296,29037
34,390,CEDAR,9474,29039
34,410,CHARITON,19136,29041
34,430,CHRISTIAN,6707,29043
34,450,CLARK,13667,29045
34,470,CLAY,15564,29047
34,490,CLINTON,14063,29049
34,510,COLE,10292,29051
34,530,COOPER,20692,29053
34,550,CRAWFORD,7982,29055
34,570,DADE,8683,29057
34,590,DALLAS,8383,29059
34,610,DAVIESS,14410,29061
34,630,DE KALB,9858,29063
34,650,DENT,6357,29065
34,670,DOUGLAS,3915,29067
34,690,DUNKLIN,5982,29069
34,710,FRANKLIN,30098,29071
34,730,GASCONADE,10093,29073
34,750,GENTRY,11607,29075
34,770,GREENE,21549,29077
34,790,GRUNDY,10567,29079
34,810,HARRISON,14635,29081
34,830,HENRY/RIVES,17401,29083
34,850,HICKORY,6452,29085
34,870,HOLT,11652,31089
34,890,HOWARD,17233,29089
34,910,HOWELL,4218,29091
34,930,IRON,6278,29093
34,950,JACKSON,55041,29095
34,970,JASPER,14928,29097
34,990,JEFFERSON,15380,29099
34,1010,JOHNSON,24648,29101
34,1030,KNOX,10974,29103
34,1050,LACLEDE,9380,29105
34,1070,LAFAYETTE,22623,29107
34,1090,LAWRENCE,13067,29109
34,1110,LEWIS,15114,29111
34,1130,LINCOLN,15960,29113
34,1150,LINN,15900,29115
34,1170,LIVINGSTON,16730,29117
34,1190,MCDONALD,5226,29119
34,1210,MACON,23230,29121
34,1230,MADISON,5849,29123
34,1250,MARIES,5916,29125
34,1270,MARION,23780,29127
34,1290,MERCER,11557,29129
34,1310,MILLER,6616,29131
34,1330,MISSISSIPPI,4982,29133
34,1350,MONITEAU,11375,29135
34,1370,MONROE,17149,29137
34,1390,MONTGOMERY,10405,29139
34,1410,MORGAN,8434,29141
34,1430,NEW MADRID,6357,29143
34,1450,NEWTON,12821,29145
34,1470,NODAWAY,14751,29147
34,1490,OREGON,3287,29149
34,1510,OSAGE,10793,29151
34,1530,OZARK,3363,29153
34,1550,PEMISCOT,2059,29155
34,1570,PERRY,9877,29157
34,1590,PETTIS,18706,29159
34,1610,PHELPS,10506,29161
34,1630,PIKE,23076,29163
34,1650,PLATTE,17352,29165
34,1670,POLK,12445,29167
34,1690,PULASKI,4714,29169
34,1710,PUTNAM,11217,29171
34,1730,RALLS,10510,29173
34,1750,RANDOLPH,15908,29175
34,1770,RAY,18700,29177
34,1790,REYNOLDS,3756,29179
34,1810,RIPLEY,3175,29181
34,1830,ST CHARLES,21304,29183
34,1850,ST CLAIR,6742,29185
34,1870,ST FRANCOIS,9742,29187
34,1890,ST LOUIS,351189,29189
34,1930,STE GENEVIEVE,8384,29193
34,1950,SALINE,21672,29195
34,1970,SCHUYLER,8820,29197
34,1990,SCOTLAND,10670,29199
34,2010,SCOTT,7317,29201
34,2030,SHANNON,2339,29203
34,2050,SHELBY,10119,29205
34,2070,STODDARD,8535,29207
34,2090,STONE,3253,29209
34,2110,SULLIVAN,11907,29211
34,2130,TANEY,4407,29213
34,2150,TEXAS,9618,29215
34,2170,VERNON,11247,29217
34,2190,WARREN,9673,29219
34,2210,WASHINGTON,11719,29221
34,2230,WAYNE,6068,29223
34,2250,WEBSTER,10434,29225
34,2270,WORTH,5004,29227
34,2290,WRIGHT,5684,29229
34,0,MISSOURI,1721295,29000
35,10,ADAMS,19,31001
35,190,BUFFALO,193,31019
35,210,BURT,2847,31021
35,230,BUTLER,1290,31023
35,250,CASS,8151,31025
35,270,CEDAR,1032,31027
35,330,CHEYENNE,190,31033
35,350,CLAY,54,31035
35,370,COLFAX,1424,31037
35,390,CUMING,2964,31039
35,430,DAKOTA,2040,31043
35,470,DAWSON,103,31047
35,510,DIXON,1345,31051
35,530,DODGE,4212,31053
35,550,DOUGLAS,19982,31055
35,590,FILLMORE,238,31059
35,610,FRANKLIN,26,31061
35,670,GAGE,3359,31067
35,750,GRANT,484,31075
35,790,HALL,1057,31079
35,810,HAMILTON,130,31081
35,835,HARRISON,631,31084
35,935,JACKSON,9,31094
35,950,JEFFERSON,2440,31095
35,970,JOHNSON/JOHNSTON,3429,31097
35,975,JONES,,31098
35,990,KEARNEY,58,31099
35,1070,KNOX/L'EAU QUI CO,261,31107
35,1090,LANCASTER,7074,31109
35,1110,LINCOLN,17,31111
35,1155,LYON,78,31116
35,1190,MADISON,1133,31119
35,1210,MERRICK,557,31121
35,1215,MONROE,235,31122
35,1270,NEMAHA,7593,31127
35,1290,NUCKOLLS,8,31129
35,1310,OTOE,12345,31131
35,1330,PAWNEE,4171,31133
35,1390,PIERCE,152,31139
35,1410,PLATTE,1899,31141
35,1430,POLK,136,31143
35,1470,RICHARDSON,9780,31147
35,1510,SALINE,3106,31151
35,1530,SARPY,2913,31153
35,1550,SAUNDERS,4547,31155
35,1590,SEWARD,2953,31159
35,1670,STANTON,636,31167
35,1675,TAYLOR,97,31168
35,1730,BLACKBIRD,31,31008
35,1770,WASHINGTON,4452,31177
35,1790,WAYNE,182,31179
35,1810,WEBSTER,16,31181
35,1850,YORK,604,31185
35,8010,UNORGANIZED NW TERRITORY,52,31810
35,8030,UNORGANIZED TERR W. MADISON CO.,183,31830
35,8050,WINNEBAGO RESERVATION,31,31850
35,8070,PAWNEE RESERVATION,44,31870
35,0,NEBRASKA,122993,31000
36,670,PEMBINA,1213,57021
37,90,BON HOMME,608,57001
37,110,BROOKINGS,163,57005
37,170,BUFFALO,246,57003
37,230,CHARLES MIX,152,57007
37,270,CLAY,2621,57009
37,390,DEUEL,37,57011
37,670,HUTCHINSON,37,57013
37,715,JAYNE,5,57015
37,830,LINCOLN,712,57017
37,990,MINNEHAHA,355,57019
37,1195,TODD (OLD),337,57023
37,1270,UNION,3507,57025
37,1350,YANKTON,2097,57027
37,9995,UNORGANIZED TERRITORY,2091,57999
37,0,DAKOTA TERRITORY,14181,46000
40,10,ACCOMACK,20409,51001
40,30,ALBEMARLE,27544,51003
40,50,ALLEGHANY,3674,51005
40,70,AMELIA,9878,51007
40,90,AMHERST,14900,51009
40,110,APPOMATTOX,8950,51011
40,130,ARLINGTON/ALEXAND,16755,51013
40,150,AUGUSTA,28763,51015
40,170,BATH,3795,51017
40,190,BEDFORD,25327,51019
40,210,BLAND,4000,51021
40,230,BOTETOURT,11329,51023
40,250,BRUNSWICK,13427,51025
40,270,BUCHANAN,3777,51027
40,290,BUCKINGHAM,13371,51029
40,310,CAMPBELL,28384,51031
40,330,CAROLINE,15128,51033
40,350,CARROLL,9147,51035
40,360,CHARLES CITY,4975,51036
40,370,CHARLOTTE,14513,51037
40,410,CHESTERFIELD,18470,51041
40,430,CLARKE,6670,51043
40,450,CRAIG,2942,51045
40,470,CULPEPER,12227,51047
40,490,CUMBERLAND,8142,51049
40,530,DINWIDDIE,30702,51053
40,550,ELIZABETH CITY,8303,51650
40,570,ESSEX,9927,51057
40,590,FAIRFAX,12952,51059
40,610,FAUQUIER,19690,51061
40,630,FLOYD,9824,51063
40,650,FLUVANNA,9875,51065
40,670,FRANKLIN,18264,51067
40,690,FREDERICK,16596,51069
40,710,GILES,5875,51071
40,730,GLOUCESTER,10211,51073
40,750,GOOCHLAND,10313,51075
40,770,GRAYSON,9587,51077
40,790,GREENE,4634,51079
40,810,GREENSVILLE,6362,51081
40,830,HALIFAX,27828,51083
40,850,HANOVER,16455,51085
40,870,HENRICO,66179,51087
40,890,HENRY,12303,51089
40,910,HIGHLAND,4151,51091
40,930,ISLE OF WIGHT,8320,51093
40,950,JAMES CITY,4425,51095
40,970,KING AND QUEEN,9709,51097
40,990,KING GEORGE,5742,51099
40,1010,KING WILLIAM,7515,51101
40,1030,LANCASTER,5355,51103
40,1050,LEE,13268,51105
40,1070,LOUDOUN,20929,51107
40,1090,LOUISA,16332,51109
40,1110,LUNENBURG,10403,51111
40,1130,MADISON,8670,51113
40,1150,MATHEWS,6200,51115
40,1170,MECKLENBURG,21318,51117
40,1190,MIDDLESEX,4981,51119
40,1210,MONTGOMERY,12556,51121
40,1230,NANSEMOND,11576,51123
40,1250,NELSON,13898,51125
40,1270,NEW KENT,4381,51127
40,1290,NORFOLK,46702,51129
40,1310,NORTHAMPTON,8046,51131
40,1330,NORTHUMBERLAND,6863,51133
40,1350,NOTTOWAY,9291,51135
40,1370,ORANGE,10396,51137
40,1390,PAGE,8462,51139
40,1410,PATRICK,10161,51141
40,1430,PITTSYLVANIA,31343,51143
40,1450,POWHATAN,7667,51145
40,1470,PRINCE EDWARD,12004,51147
40,1490,PRINCE GEORGE,7820,51149
40,1510,PRINCESS ANNE,8273,51154
40,1530,PRINCE WILLIAM,7504,51153
40,1550,PULASKI,6538,51155
40,1570,RAPPAHANNOCK,8261,51157
40,1590,RICHMOND,6503,51159
40,1610,ROANOKE,9350,51161
40,1630,ROCKBRIDGE,16058,51163
40,1650,ROCKINGHAM,23668,51165
40,1670,RUSSELL,11103,51167
40,1690,SCOTT,13036,51169
40,1710,SHENANDOAH,14936,51171
40,1730,SMYTH,8898,51173
40,1750,SOUTHAMPTON,12285,51175
40,1770,SPOTSYLVANIA,11728,51177
40,1790,STAFFORD,6420,51179
40,1810,SURRY,5585,51181
40,1830,SUSSEX,7885,51183
40,1850,TAZEWELL,10791,51185
40,1870,WARREN,5716,51187
40,1875,WARWICK,1672,51700
40,1910,WASHINGTON,16816,51191
40,1930,WESTMORELAND,7682,51193
40,1950,WISE,4785,51195
40,1970,WYTHE,11611,51197
40,1990,YORK,7198,51199
40,0,VIRGINIA,1225163,51000
41,10,AUTAUGA,11623,1001
41,30,BALDWIN,6004,1003
41,50,BARBOUR,29309,1005
41,70,BIBB,7469,1007
41,90,BLOUNT,9945,1009
41,110,BULLOCK,24474,1011
41,130,BUTLER,14981,1013
41,150,CALHOUN/BENTON,13980,1015
41,170,CHAMBERS,17562,1017
41,190,CHEROKEE,11132,1019
41,210,CHILTON/BAKER,6194,1021
41,230,CHOCTAW,12676,1023
41,250,CLARKE,14663,1025
41,270,CLAY,9560,1027
41,290,CLEBURNE,8017,1029
41,310,COFFEE,6171,1031
41,330,COLBERT,12537,1033
41,350,CONECUH,9574,1035
41,370,COOSA,11945,1037
41,390,COVINGTON,4868,1039
41,410,CRENSHAW,11156,1041
41,450,DALE,11325,1045
41,470,DALLAS,40705,1047
41,490,DE KALB,7126,1049
41,510,ELMORE,14477,1051
41,530,ESCAMBIA,4041,1053
41,550,ETOWAH,10109,1055
41,570,FAYETTE,7136,1057
41,590,FRANKLIN,8006,1059
41,610,GENEVA,2959,1061
41,630,GREENE,18399,1063
41,650,HALE,21792,1065
41,670,HENRY,14191,1067
41,710,JACKSON,19410,1071
41,730,JEFFERSON,12345,1073
41,750,LAMAR/SANFORD,8893,1075
41,770,LAUDERDALE,15091,1077
41,790,LAWRENCE,16658,1079
41,810,LEE,21750,1081
41,830,LIMESTONE,15017,1083
41,850,LOWNDES,25719,1085
41,870,MACON,17727,1087
41,890,MADISON,31267,1089
41,910,MARENGO,26151,1091
41,930,MARION,6059,1093
41,950,MARSHALL,9871,1095
41,970,MOBILE,49311,1097
41,990,MONROE,14214,1099
41,1010,MONTGOMERY,43704,1101
41,1030,MORGAN/COTACO,12187,1103
41,1050,PERRY,24975,1105
41,1070,PICKENS,17690,1107
41,1090,PIKE,17423,1109
41,1110,RANDOLPH,12006,1111
41,1130,RUSSELL,21636,1113
41,1150,ST CLAIR,9360,1115
41,1170,SHELBY,12218,1117
41,1190,SUMTER,24109,1119
41,1210,TALLADEGA,18064,1121
41,1230,TALLAPOOSA,16963,1123
41,1250,TUSCALOOSA,20081,1125
41,1270,WALKER,6543,1127
41,1290,WASHINGTON,3912,1129
41,1310,WILCOX,28377,1131
41,1330,WINSTON/HANCOCK,4155,1133
41,0,ALABAMA,996992,1000
42,10,ARKANSAS,8268,5001
42,30,ASHLEY,8042,5003
42,70,BENTON,13831,5007
42,90,BOONE,7032,5009
42,110,BRADLEY,8646,5011
42,130,CALHOUN,3853,5013
42,150,CARROLL,5780,5015
42,170,CHICOT,7214,5017
42,190,CLARK,11953,5019
42,270,COLUMBIA,11397,5027
42,290,CONWAY,8112,5029
42,310,CRAIGHEAD,4577,5031
42,330,CRAWFORD,8957,5033
42,350,CRITTENDEN,3831,5035
42,370,CROSS,3915,5037
42,390,DALLAS,5707,5039
42,410,DESHA,6125,5041
42,430,DREW,9960,5043
42,470,FRANKLIN,9627,5047
42,490,FULTON,4843,5049
42,530,GRANT,3943,5053
42,550,GREENE,7573,5055
42,570,HEMPSTEAD,13768,5057
42,590,HOT SPRING,5877,5059
42,630,INDEPENDENCE,14566,5063
42,650,IZARD,6806,5065
42,670,JACKSON,7268,5067
42,690,JEFFERSON,15733,5069
42,710,JOHNSON,9152,5071
42,730,LAFAYETTE,9139,5073
42,750,LAWRENCE,5981,5075
42,810,LITTLE RIVER,3236,5081
42,870,MADISON,8231,5087
42,890,MARION,3979,5089
42,930,MISSISSIPPI,3633,5093
42,950,MONROE,8336,5095
42,970,MONTGOMERY,2984,5097
42,1010,NEWTON,4374,5101
42,1030,OUACHITA,12975,5103
42,1050,PERRY,2685,5105
42,1070,PHILLIPS,15372,5107
42,1090,PIKE,3788,5109
42,1110,POINSETT,1720,5111
42,1130,POLK,3376,5113
42,1150,POPE,8386,5115
42,1170,PRAIRIE,5604,5117
42,1190,PULASKI,32066,5119
42,1210,RANDOLPH,7466,5121
42,1230,ST FRANCIS,6714,5123
42,1250,SALINE,3911,5125
42,1270,SCOTT,7483,5127
42,1290,SEARCY,5614,5129
42,1310,SEBASTIAN,12940,5131
42,1330,SEVIER,4492,5133
42,1350,SHARP,5400,5135
42,1390,UNION,10571,5139
42,1410,VAN BUREN,5107,5141
42,1430,WASHINGTON,17266,5143
42,1450,WHITE,10347,5145
42,1470,WOODRUFF,6891,5147
42,1490,YELL,8048,5149
42,0,ARKANSAS,484471,5000
43,10,ALACHUA,17328,12001
43,30,BAKER,1325,12003
43,70,BRADFORD/NEW RIVE,3671,12007
43,90,BREVARD/ST LUCIE,1216,12009
43,130,CALHOUN,998,12013
43,190,CLAY,2098,12019
43,230,COLUMBIA,7335,12023
43,250,DADE,85,12025
43,310,DUVAL,11921,12031
43,330,ESCAMBIA,7817,12033
43,370,FRANKLIN,1256,12037
43,390,GADSDEN,9802,12039
43,470,HAMILTON,5749,12047
43,530,HERNANDO/BENTON,2938,12053
43,570,HILLSBOROUGH,3216,12057
43,590,HOLMES,1572,12059
43,630,JACKSON,9528,12063
43,650,JEFFERSON,13398,12065
43,670,LAFAYETTE,1783,12067
43,730,LEON,15236,12073
43,750,LEVY,2018,12075
43,770,LIBERTY,1050,12077
43,790,MADISON,11121,12079
43,810,MANATEE,1931,12081
43,830,MARION,10804,12083
43,870,MONROE,5657,12087
43,890,NASSAU,4247,12089
43,950,ORANGE/MOSQUITO,2195,12095
43,1050,POLK,3169,12105
43,1070,PUTNAM,3821,12107
43,1090,ST JOHNS,2618,12109
43,1130,SANTA ROSA,3312,12113
43,1190,SUMTER,2952,12119
43,1210,SUWANNEE,3556,12121
43,1230,TAYLOR,1453,12123
43,1270,VOLUSIA,1723,12127
43,1290,WAKULLA,2506,12129
43,1310,WALTON,3041,12131
43,1330,WASHINGTON,2302,12133
43,0,FLORIDA,187748,12000
44,10,APPLING,5086,13001
44,70,BAKER,6843,13007
44,90,BALDWIN,10618,13009
44,110,BANKS,4973,13011
44,150,BARTOW/CASS,16566,13015
44,190,BERRIEN,4518,13019
44,210,BIBB,21255,13021
44,270,BROOKS,8342,13027
44,290,BRYAN,5252,13029
44,310,BULLOCH,5610,13031
44,330,BURKE,17679,13033
44,350,BUTTS,6941,13035
44,370,CALHOUN,5503,13037
44,390,CAMDEN,4615,13039
44,410,CAMPBELL,9176,13041
44,450,CARROLL,11782,13045
44,470,CATOOSA,4409,13047
44,490,CHARLTON,1897,13049
44,510,CHATHAM,41279,13051
44,530,CHATTAHOOCHEE,6059,13053
44,550,CHATTOOGA,6902,13055
44,570,CHEROKEE,10399,13057
44,590,CLARKE,12941,13059
44,610,CLAY,5493,13061
44,630,CLAYTON,5477,13063
44,650,CLINCH,3945,13065
44,670,COBB,13814,13067
44,690,COFFEE,3192,13069
44,710,COLQUITT,1654,13071
44,730,COLUMBIA,13529,13073
44,770,COWETA,15875,13077
44,790,CRAWFORD,7557,13079
44,830,DADE,3033,13083
44,850,DAWSON,4369,13085
44,870,DECATUR,15183,13087
44,890,DE KALB,10014,13089
44,930,DOOLY,9790,13093
44,950,DOUGHERTY,11517,13095
44,990,EARLY,6998,13099
44,1010,ECHOLS,1978,13101
44,1030,EFFINGHAM,4214,13103
44,1050,ELBERT,9249,13105
44,1070,EMANUEL,6134,13107
44,1110,FANNIN,5429,13111
44,1130,FAYETTE,8221,13113
44,1150,FLOYD,17230,13115
44,1170,FORSYTH,7983,13117
44,1190,FRANKLIN,7893,13119
44,1210,FULTON,33446,13121
44,1230,GILMER,6644,13123
44,1250,GLASCOCK,2736,13125
44,1270,GLYNN,5376,13127
44,1290,GORDON,9268,13129
44,1330,GREENE,12454,13133
44,1350,GWINNETT,12431,13135
44,1370,HABERSHAM,6322,13137
44,1390,HALL,9607,13139
44,1410,HANCOCK,11317,13141
44,1430,HARALSON,4004,13143
44,1450,HARRIS,13284,13145
44,1470,HART,6783,13147
44,1490,HEARD,7866,13149
44,1510,HENRY,10102,13151
44,1530,HOUSTON,20406,13153
44,1550,IRWIN,1837,13155
44,1570,JACKSON,11181,13157
44,1590,JASPER,10439,13159
44,1630,JEFFERSON,12190,13163
44,1670,JOHNSON,2964,13167
44,1690,JONES,9436,13169
44,1750,LAURENS,7834,13175
44,1770,LEE,9567,13177
44,1790,LIBERTY,7688,13179
44,1810,LINCOLN,5413,13181
44,1850,LOWNDES,8321,13185
44,1870,LUMPKIN,5161,13187
44,1910,MCINTOSH,4491,13191
44,1930,MACON,11458,13193
44,1950,MADISON,5227,13195
44,1970,MARION,8000,13197
44,1990,MERIWETHER,13756,13199
44,2010,MILLER,3091,13201
44,2030,MILTON,4284,13203
44,2050,MITCHELL,6633,13205
44,2070,MONROE,17213,13207
44,2090,MONTGOMERY,3586,13209
44,2110,MORGAN,10696,13211
44,2130,MURRAY,6500,13213
44,2150,MUSCOGEE,16663,13215
44,2170,NEWTON,14615,13217
44,2210,OGLETHORPE,11782,13221
44,2230,PAULDING,7639,13223
44,2270,PICKENS,5317,13227
44,2290,PIERCE,2778,13229
44,2310,PIKE,10905,13231
44,2330,POLK,7822,13233
44,2350,PULASKI,11940,13235
44,2370,PUTNAM,10461,13237
44,2390,QUITMAN,4150,13239
44,2410,RABUN,3256,13241
44,2430,RANDOLPH,10561,13243
44,2450,RICHMOND,25724,13245
44,2490,SCHLEY,5129,13249
44,2510,SCREVEN,9175,13251
44,2550,SPALDING,10205,13255
44,2590,STEWART,14204,13259
44,2610,SUMTER,16559,13261
44,2630,TALBOT,11913,13263
44,2650,TALIAFERRO,4796,13265
44,2670,TATTNALL,4860,13267
44,2690,TAYLOR,7143,13269
44,2710,TELFAIR,3245,13271
44,2730,TERRELL,9053,13273
44,2750,THOMAS,14523,13275
44,2810,TOWNS,2780,13281
44,2850,TROUP,17632,13285
44,2890,TWIGGS,8545,13289
44,2910,UNION,5267,13291
44,2930,UPSON,9430,13293
44,2950,WALKER,9925,13295
44,2970,WALTON,11038,13297
44,2990,WARE,2286,13299
44,3010,WARREN,10545,13301
44,3030,WASHINGTON,15842,13303
44,3050,WAYNE,2177,13305
44,3070,WEBSTER,4677,13307
44,3110,WHITE,4606,13311
44,3130,WHITFIELD,10117,13313
44,3150,WILCOX,2439,13315
44,3170,WILKES,11796,13317
44,3190,WILKINSON,9383,13319
44,3210,WORTH,3778,13321
44,0,GEORGIA,1184109,13000
45,50,ASCENSION,11577,22005
45,70,ASSUMPTION,13234,22007
45,90,AVOYELLES,12926,22009
45,130,BIENVILLE,10636,22013
45,150,BOSSIER,12675,22015
45,170,CADDO,21714,22017
45,190,CALCASIEU,6733,22019
45,210,CALDWELL,4820,22021
45,230,CAMERON,1591,22023
45,235,CARROLL,10110,22123
45,250,CATAHOULA,8475,22025
45,270,CLAIBORNE,20240,22027
45,290,CONCORDIA,9977,22029
45,310,DE SOTO,14962,22031
45,330,EAST BATON ROUGE,17816,22033
45,370,EAST FELICIANA,13499,22037
45,410,FRANKLIN,5078,22041
45,430,GRANT,4517,22043
45,450,IBERIA,9042,22045
45,470,IBERVILLE,12347,22047
45,490,JACKSON,7646,22049
45,510,JEFFERSON,17767,22051
45,550,LAFAYETTE,10388,22055
45,570,LAFOURCHE,14719,22057
45,630,LIVINGSTON,4026,22063
45,650,MADISON,8600,22065
45,670,MOREHOUSE,9387,22067
45,690,NATCHITOCHES,18265,22069
45,710,ORLEANS,191418,22071
45,730,OUACHITA,11582,22073
45,750,PLAQUEMINES,10552,22075
45,770,POINTE COUPEE,12981,22077
45,790,RAPIDES,18015,22079
45,830,RICHLAND,5110,22083
45,850,SABINE,6456,22085
45,870,ST BERNARD,3553,22087
45,890,ST CHARLES,4867,22089
45,910,ST HELENA,5423,22091
45,930,ST JAMES,10152,22093
45,950,ST JOHN THE BAPTI,6762,22095
45,970,ST LANDRY,25553,22097
45,990,ST MARTIN,9370,22099
45,1010,ST MARY,13860,22101
45,1030,ST TAMMANY,5586,22103
45,1050,TANGIPAHOA,7928,22105
45,1070,TENSAS,12419,22107
45,1090,TERREBONNE,12451,22109
45,1110,UNION,11685,22111
45,1130,VERMILLION,4528,22113
45,1170,WASHINGTON,3330,22117
45,1210,WEST BATON ROUGE,5114,22121
45,1250,WEST FELICIANA,10499,22125
45,1270,WINN,4954,22127
45,0,LOUISIANA,726915,22000
46,10,ADAMS,19084,28001
46,30,ALCORN,10431,28003
46,50,AMITE,10973,28005
46,70,ATTALA,14776,28007
46,110,BOLIVAR,9732,28011
46,130,CALHOUN,10561,28013
46,150,CARROLL,21047,28015
46,170,CHICKASAW,19899,28017
46,190,CHOCTAW,16988,28019
46,210,CLAIBORNE,13386,28021
46,230,CLARKE,7505,28023
46,270,COAHOMA,7144,28027
46,290,COPIAH,20608,28029
46,310,COVINGTON,4753,28031
46,330,DE SOTO,32021,28033
46,370,FRANKLIN,7498,28037
46,410,GREENE,2038,28041
46,430,GRENADA,10571,28043
46,450,HANCOCK,4239,28045
46,470,HARRISON,5795,28047
46,490,HINDS,30488,28049
46,510,HOLMES,19370,28051
46,550,ISSAQUENA,6887,28055
46,570,ITAWAMBA,7812,28057
46,590,JACKSON,4362,28059
46,610,JASPER,10884,28061
46,630,JEFFERSON,13848,28063
46,670,JONES,3313,28067
46,690,KEMPER,12920,28069
46,710,LAFAYETTE,18802,28071
46,750,LAUDERDALE,13462,28075
46,770,LAWRENCE,6720,28077
46,790,LEAKE,8496,28079
46,810,LEE,15955,28081
46,850,LINCOLN,10184,28085
46,870,LOWNDES,30502,28087
46,890,MADISON,20948,28089
46,910,MARION,4211,28091
46,930,MARSHALL,29416,28093
46,950,MONROE,22631,28095
46,990,NESHOBA,7439,28099
46,1010,NEWTON,10067,28101
46,1030,NOXUBEE,20905,28103
46,1050,OKTIBBEHA,14891,28105
46,1070,PANOLA,20754,28107
46,1110,PERRY,2694,28111
46,1130,PIKE,11303,28113
46,1150,PONTOTOC,12525,28115
46,1170,PRENTISS,9348,28117
46,1210,RANKIN,12977,28121
46,1230,SCOTT,7847,28123
46,1270,SIMPSON,5718,28127
46,1290,SMITH,7126,28129
46,1330,SUNFLOWER,5015,28133
46,1350,TALLAHATCHIE,7852,28135
46,1390,TIPPAH,20727,28139
46,1410,TISHOMINGO,7350,28141
46,1430,TUNICA,5358,28143
46,1490,WARREN,26769,28149
46,1510,WASHINGTON,14569,28151
46,1530,WAYNE,4206,28153
46,1570,WILKINSON,12705,28157
46,1590,WINSTON,8984,28159
46,1610,YALOBUSHA,13254,28161
46,1630,YAZOO,17279,28163
46,0,MISSISSIPPI,827922,28000
47,10,ALAMANCE,11874,37001
47,30,ALEXANDER,6868,37003
47,50,ALLEGHANY,3691,37005
47,70,ANSON,12428,37007
47,90,ASHE,9573,37009
47,130,BEAUFORT,13011,37013
47,150,BERTIE,12950,37015
47,170,BLADEN,12831,37017
47,190,BRUNSWICK,7754,37019
47,210,BUNCOMBE,15412,37021
47,230,BURKE,9777,37023
47,250,CABARRUS,11954,37025
47,270,CALDWELL,8476,37027
47,290,CAMDEN,5361,37029
47,310,CARTERET,9010,37031
47,330,CASWELL,16081,37033
47,350,CATAWBA,10984,37035
47,370,CHATHAM,19723,37037
47,390,CHEROKEE,8080,37039
47,410,CHOWAN,6450,37041
47,430,CLAY,2461,37043
47,450,CLEVELAND,12696,37045
47,470,COLUMBUS,8474,37047
47,490,CRAVEN,20516,37049
47,510,CUMBERLAND,17035,37051
47,530,CURRITUCK,5131,37053
47,550,DARE,2778,37055
47,570,DAVIDSON,17414,37057
47,590,DAVIE,9620,37059
47,610,DUPLIN,15542,37061
47,650,EDGECOMBE,22970,37065
47,670,FORSYTH,13050,37067
47,690,FRANKLIN,14134,37069
47,710,GASTON,12602,37071
47,730,GATES,7724,37073
47,770,GRANVILLE,24831,37077
47,790,GREENE,8687,37079
47,810,GUILFORD,21736,37081
47,830,HALIFAX,20408,37083
47,850,HARNETT,8895,37085
47,870,HAYWOOD,7921,37087
47,890,HENDERSON,7706,37089
47,910,HERTFORD,9273,37091
47,950,HYDE,6445,37095
47,970,IREDELL,16931,37097
47,990,JACKSON,6683,37099
47,1010,JOHNSTON,16897,37101
47,1030,JONES,5002,37103
47,1070,LENOIR,10434,37107
47,1090,LINCOLN,9573,37109
47,1110,MCDOWELL,7592,37111
47,1130,MACON,6615,37113
47,1150,MADISON,8192,37115
47,1170,MARTIN,9647,37117
47,1190,MECKLENBURG,24299,37119
47,1210,MITCHELL,4705,37121
47,1230,MONTGOMERY,7487,37123
47,1250,MOORE,12040,37125
47,1270,NASH,11077,37127
47,1290,NEW HANOVER,27978,37129
47,1310,NORTHAMPTON,14749,37131
47,1330,ONSLOW,7569,37133
47,1350,ORANGE,17507,37135
47,1390,PASQUOTANK,8131,37139
47,1430,PERQUIMANS,7945,37143
47,1450,PERSON,11170,37145
47,1470,PITT,17276,37147
47,1490,POLK,4319,37149
47,1510,RANDOLPH,17551,37151
47,1530,RICHMOND,12882,37153
47,1550,ROBESON,16262,37155
47,1570,ROCKINGHAM,15708,37157
47,1590,ROWAN,16810,37159
47,1610,RUTHERFORD,13121,37161
47,1630,SAMPSON,16436,37163
47,1670,STANLY,8315,37167
47,1690,STOKES,11208,37169
47,1710,SURRY,11252,37171
47,1750,TRANSYLVANIA,3536,37175
47,1770,TYRRELL,4173,37177
47,1790,UNION,12217,37179
47,1830,WAKE,35617,37183
47,1850,WARREN,17768,37185
47,1870,WASHINGTON,6516,37187
47,1890,WATAUGA,5287,37189
47,1910,WAYNE,18144,37191
47,1930,WILKES,15539,37193
47,1950,WILSON,12258,37195
47,1970,YADKIN,10697,37197
47,1990,YANCEY,5909,37199
47,0,NORTH CAROLINA,1071361,37000
48,10,ABBEVILLE,31129,45001
48,70,ANDERSON,24049,45007
48,110,BARNWELL,35724,45011
48,130,BEAUFORT,34359,45013
48,190,CHARLESTON,88863,45019
48,230,CHESTER,18805,45023
48,250,CHESTERFIELD,10584,45025
48,270,CLARENDON,14038,45027
48,290,COLLETON,25410,45029
48,310,DARLINGTON,26243,45031
48,370,EDGEFIELD,42486,45037
48,390,FAIRFIELD,19888,45039
48,430,GEORGETOWN,16161,45043
48,450,GREENVILLE,22262,45045
48,510,HORRY,10721,45051
48,550,KERSHAW,11754,45055
48,570,LANCASTER,12087,45057
48,590,LAURENS,22536,45059
48,630,LEXINGTON,12988,45063
48,670,MARION,22160,45067
48,690,MARLBORO,11814,45069
48,710,NEWBERRY,20775,45071
48,730,OCONEE,10536,45073
48,750,ORANGEBURG,16865,45075
48,770,PICKENS,10269,45077
48,790,RICHLAND,23025,45079
48,830,SPARTANBURG,25784,45083
48,850,SUMTER,25268,45085
48,870,UNION,19248,45087
48,890,WILLIAMSBURG,15489,45089
48,910,YORK,24286,45091
48,0,SOUTH CAROLINA,705606,45000
49,10,ANDERSON,9229,48001
49,50,ANGELINA,3985,48005
49,90,ARCHER,,48009
49,130,ATASCOSA,2915,48013
49,150,AUSTIN,15087,48015
49,190,BANDERA,649,48019
49,210,BASTROP,12290,48021
49,230,BAYLOR,,48023
49,250,BEE,1082,48025
49,270,BELL,9771,48027
49,290,BEXAR,16043,48029
49,295,BEXAR DISTRICT,1077,48030
49,310,BLANCO,1187,48031
49,350,BOSQUE,4981,48035
49,370,BOWIE,4684,48037
49,390,BRAZORIA,7527,48039
49,410,BRAZOS,9205,48041
49,490,BROWN,544,48049
49,510,BURLESON,8072,48051
49,530,BURNET,3688,48053
49,550,CALDWELL,6572,48055
49,570,CALHOUN,3443,48057
49,590,CALLAHAN,,48059
49,610,CAMERON,10999,48061
49,670,CASS/DAVIS,8875,48067
49,710,CHAMBERS,1503,48071
49,730,CHEROKEE,11079,48073
49,770,CLAY,,48077
49,830,COLEMAN,347,48083
49,850,COLLIN,14013,48085
49,890,COLORADO,8326,48089
49,910,COMAL,5283,48091
49,930,COMANCHE,1001,48093
49,950,CONCHO,,48095
49,970,COOKE,5315,48097
49,990,CORYELL,4124,48099
49,1130,DALLAS,13314,48113
49,1210,DENTON,7251,48121
49,1230,DE WITT,6443,48123
49,1270,DIMMIT,109,48127
49,1310,DUVAL,1083,48131
49,1330,EASTLAND,88,48133
49,1370,EDWARDS,,48137
49,1390,ELLIS,7514,48139
49,1410,EL PASO,3671,48141
49,1415,ENCINAL,427,48511
49,1430,ERATH,1801,48143
49,1450,FALLS,9851,48145
49,1470,FANNIN,13207,48147
49,1490,FAYETTE,16863,48149
49,1570,FORT BEND,7114,48157
49,1610,FREESTONE,8139,48161
49,1630,FRIO,309,48163
49,1670,GALVESTON,15290,48167
49,1710,GILLESPIE,3566,48171
49,1750,GOLIAD,3628,48175
49,1770,GONZALES,8951,48177
49,1810,GRAYSON,14387,48181
49,1850,GRIMES,13218,48185
49,1870,GUADALUPE,7282,48187
49,1930,HAMILTON,733,48193
49,1970,HARDEMAN,,48197
49,1990,HARDIN,1460,48199
49,2010,HARRIS,17375,48201
49,2030,HARRISON,13241,48203
49,2070,HASKELL,,48207
49,2090,HAYS,4088,48209
49,2130,HENDERSON,6786,48213
49,2150,HIDALGO,2387,48215
49,2170,HILL,7453,48217
49,2210,HOOD,2585,48221
49,2230,HOPKINS,12651,48223
49,2250,HOUSTON,8147,48225
49,2310,HUNT,10291,48231
49,2370,JACK,694,48237
49,2390,JACKSON,2278,48239
49,2410,JASPER,4218,48241
49,2450,JEFFERSON,1906,48245
49,2510,JOHNSON,4923,48251
49,2530,JONES,,48253
49,2550,KARNES,1705,48255
49,2570,KAUFMAN,6895,48257
49,2590,KENDALL,1536,48259
49,2650,KERR,1042,48265
49,2670,KIMBLE,72,48267
49,2710,KINNEY,1204,48271
49,2750,KNOX,,48275
49,2770,LAMAR,15790,48277
49,2810,LAMPASAS,1344,48281
49,2830,LA SALLE,69,48283
49,2850,LAVACA,9168,48285
49,2890,LEON,6523,48289
49,2910,LIBERTY,4414,48291
49,2930,LIMESTONE,8591,48293
49,2970,LIVE OAK,852,48297
49,2990,LLANO,1379,48299
49,3070,MCCULLOCH,173,48307
49,3090,MCLENNAN,13500,48309
49,3110,MCMULLEN,230,48311
49,3130,MADISON,4061,48313
49,3150,MARION,8562,48315
49,3190,MASON,678,48319
49,3210,MATAGORDA,3377,48321
49,3230,MAVERICK,1951,48323
49,3250,MEDINA,2078,48325
49,3270,MENARD,667,48327
49,3310,MILAM,8984,48331
49,3370,MONTAGUE,890,48337
49,3390,MONTGOMERY,6483,48339
49,3470,NACOGDOCHES,9614,48347
49,3490,NAVARRO,8879,48349
49,3510,NEWTON,2187,48351
49,3550,NUECES,3975,48355
49,3610,ORANGE,1255,48361
49,3630,PALO PINTO,,48363
49,3650,PANOLA,10119,48365
49,3670,PARKER,4186,48367
49,3730,POLK,8707,48373
49,3770,PRESIDIO,1636,48377
49,3870,RED RIVER,10653,48387
49,3910,REFUGIO,2324,48391
49,3950,ROBERTSON,9990,48395
49,3990,RUNNELS,,48399
49,4010,RUSK,16916,48401
49,4030,SABINE,3256,48403
49,4050,SAN AUGUSTINE,4196,48405
49,4090,SAN PATRICIO,602,48409
49,4110,SAN SABA,1425,48411
49,4170,SHACKELFORD,455,48417
49,4190,SHELBY,5732,48419
49,4230,SMITH,16532,48423
49,4270,STARR,4154,48427
49,4290,STEPHENS/BUCHANAN,330,48429
49,4390,TARRANT,5788,48439
49,4410,TAYLOR,,48441
49,4470,THROCKMORTON,,48447
49,4490,TITUS,11339,48449
49,4530,TRAVIS,13153,48453
49,4550,TRINITY,4141,48455
49,4570,TYLER,5010,48457
49,4590,UPSHUR,12039,48459
49,4630,UVALDE,851,48463
49,4670,VAN ZANDT,6494,48467
49,4690,VICTORIA,4860,48469
49,4710,WALKER,9776,48471
49,4770,WASHINGTON,23104,48477
49,4790,WEBB,2615,48479
49,4810,WHARTON,3426,48481
49,4850,WICHITA,,48485
49,4870,WILBARGER,,48487
49,4910,WILLIAMSON,6368,48491
49,4930,WILSON,2556,48493
49,4970,WISE,1450,48497
49,4990,WOOD,6894,48499
49,5030,YOUNG,135,48503
49,5050,ZAPATA,1488,48505
49,5070,ZAVALA,133,48507
49,0,TEXAS,818579,48000
51,10,ADAIR,11065,21001
51,30,ALLEN,10296,21003
51,50,ANDERSON,5449,21005
51,70,BALLARD,12576,21007
51,90,BARREN,17780,21009
51,110,BATH,10145,21011
51,130,JOSH BELL,3731,21013
51,150,BOONE,10696,21015
51,170,BOURBON,14863,21017
51,190,BOYD,8573,21019
51,210,BOYLE,9515,21021
51,230,BRACKEN,11409,21023
51,250,BREATHITT,5672,21025
51,270,BRECKINRIDGE,13440,21027
51,290,BULLITT,7781,21029
51,310,BUTLER,9404,21031
51,330,CALDWELL,10826,21033
51,350,CALLOWAY,9410,21035
51,370,CAMPBELL,27406,21037
51,410,CARROLL,6189,21041
51,430,CARTER,7509,21043
51,450,CASEY,8884,21045
51,470,CHRISTIAN,23227,21047
51,490,CLARK,10882,21049
51,510,CLAY,8297,21051
51,530,CLINTON,6497,21053
51,550,CRITTENDEN,9381,21055
51,570,CUMBERLAND,7690,21057
51,590,DAVIESS,20714,21059
51,610,EDMONSON,4459,21061
51,630,ELLIOTT,4433,21063
51,650,ESTILL,9198,21065
51,670,FAYETTE,26656,21067
51,690,FLEMING,13398,21069
51,710,FLOYD,7877,21071
51,730,FRANKLIN,15300,21073
51,750,FULTON,6161,21075
51,770,GALLATIN,5074,21077
51,790,GARRARD,10376,21079
51,810,GRANT,9529,21081
51,830,GRAVES,19398,21083
51,850,GRAYSON,11580,21085
51,870,GREEN,9379,21087
51,890,GREENUP,11463,21089
51,910,HANCOCK,6591,21091
51,930,HARDIN,15705,21093
51,950,HARLAN,4415,21095
51,970,HARRISON,12993,21097
51,990,HART,13687,21099
51,1010,HENDERSON,18457,21101
51,1030,HENRY,11066,21103
51,1050,HICKMAN,8453,21105
51,1070,HOPKINS,13827,21107
51,1090,JACKSON,4547,21109
51,1110,JEFFERSON,118953,21111
51,1130,JESSAMINE,8638,21113
51,1150,JOHNSON,7494,21115
51,1170,KENTON,36096,21117
51,1210,KNOX,8294,21121
51,1230,LARUE,8235,21123
51,1250,LAUREL,6016,21125
51,1270,LAWRENCE,8497,21127
51,1290,LEE,3055,21129
51,1330,LETCHER,4608,21133
51,1350,LEWIS,9115,21135
51,1370,LINCOLN,10947,21137
51,1390,LIVINGSTON,8200,21139
51,1410,LOGAN,20429,21141
51,1430,LYON,6233,21143
51,1450,MCCRACKEN,13988,21145
51,1490,MCLEAN,7614,21149
51,1510,MADISON,19543,21151
51,1530,MAGOFFIN,4684,21153
51,1550,MARION,12838,21155
51,1570,MARSHALL,9455,21157
51,1610,MASON,18126,21161
51,1630,MEADE,9485,21163
51,1650,MENIFEE,1986,21165
51,1670,MERCER,13144,21167
51,1690,METCALFE,7934,21169
51,1710,MONROE,9231,21171
51,1730,MONTGOMERY,7557,21173
51,1750,MORGAN,5975,21175
51,1770,MUHLENBERG,12638,21177
51,1790,NELSON,14804,21179
51,1810,NICHOLAS,9129,21181
51,1830,OHIO,15561,21183
51,1850,OLDHAM,9027,21185
51,1870,OWEN,14309,21187
51,1890,OWSLEY,3889,21189
51,1910,PENDLETON,14030,21191
51,1930,PERRY,4274,21193
51,1950,PIKE,9562,21195
51,1970,POWELL,2599,21197
51,1990,PULASKI,17670,21199
51,2010,ROBERTSON,5399,21201
51,2030,ROCKCASTLE,7145,21203
51,2050,ROWAN,2991,21205
51,2070,RUSSELL,5809,21207
51,2090,SCOTT,11607,21209
51,2110,SHELBY,15733,21211
51,2130,SIMPSON,9573,21213
51,2150,SPENCER,5956,21215
51,2170,TAYLOR,8226,21217
51,2190,TODD,12612,21219
51,2210,TRIGG,13686,21221
51,2230,TRIMBLE,5577,21223
51,2250,UNION,13640,21225
51,2270,WARREN,21742,21227
51,2290,WASHINGTON,12464,21229
51,2310,WAYNE,10602,21231
51,2330,WEBSTER,10937,21233
51,2350,WHITLEY,8278,21235
51,2370,WOLFE,3603,21237
51,2390,WOODFORD,8240,21239
51,0,KENTUCKY,1321011,21000
52,10,ALLEGANY,38536,24001
52,30,ANNE ARUNDEL,24457,24003
52,50,BALTIMORE,330741,24005
52,70,CALVERT,9865,24009
52,90,CAROLINE,12101,24011
52,110,CARROLL,28619,24013
52,130,CECIL,25874,24015
52,150,CHARLES,15738,24017
52,170,DORCHESTER,19458,24019
52,190,FREDERICK,47572,24021
52,230,HARFORD,22605,24025
52,250,HOWARD,14150,24027
52,270,KENT,17102,24029
52,290,MONTGOMERY,20563,24031
52,310,PRINCE GEORGES,21138,24033
52,330,QUEEN ANNES,16171,24035
52,350,SOMERSET,18190,24039
52,370,ST MARYS,14944,24037
52,390,TALBOT,16137,24041
52,410,WASHINGTON,34712,24043
52,430,WICOMICO,15802,24045
52,450,WORCESTER,16419,24047
52,5100,BALTIMORE CITY,,24510
52,0,MARYLAND,780894,24000
54,10,ANDERSON,8704,47001
54,30,BEDFORD,24333,47003
54,50,BENTON,8234,47005
54,70,BLEDSOE,4870,47007
54,90,BLOUNT,14237,47009
54,110,BRADLEY,11652,47011
54,130,CAMPBELL,7445,47013
54,150,CANNON,10502,47015
54,170,CARROLL,19447,47017
54,190,CARTER,7909,47019
54,210,CHEATHAM,6678,47021
54,250,CLAIBORNE,9321,47025
54,290,COCKE,12458,47029
54,310,COFFEE,10237,47031
54,350,CUMBERLAND,3461,47035
54,370,DAVIDSON,62897,47037
54,390,DECATUR,7772,47039
54,410,DE KALB,11425,47041
54,430,DICKSON,9340,47043
54,450,DYER,13706,47045
54,470,FAYETTE,26145,47047
54,490,FENTRESS,4717,47049
54,510,FRANKLIN,14970,47051
54,530,GIBSON,25666,47053
54,550,GILES,32413,47055
54,570,GRAINGER,12421,47057
54,590,GREENE,21668,47059
54,610,GRUNDY,3250,47061
54,650,HAMILTON,17241,47065
54,670,HANCOCK,7148,47067
54,690,HARDEMAN,18074,47069
54,710,HARDIN,11768,47071
54,730,HAWKINS,15837,47073
54,750,HAYWOOD,25094,47075
54,770,HENDERSON,14217,47077
54,790,HENRY,20380,47079
54,810,HICKMAN,9856,47081
54,850,HUMPHREYS,9326,47085
54,870,JACKSON,12583,47087
54,890,JEFFERSON,19476,47089
54,910,JOHNSON,5852,47091
54,930,KNOX,28990,47093
54,950,LAKE,2428,47095
54,970,LAUDERDALE,10838,47097
54,990,LAWRENCE,7601,47099
54,1010,LEWIS,1986,47101
54,1030,LINCOLN,28050,47103
54,1070,MCMINN,13969,47107
54,1090,MCNAIRY,12726,47109
54,1110,MACON,6633,47111
54,1130,MADISON,23480,47113
54,1150,MARION,6841,47115
54,1170,MARSHALL,16207,47117
54,1190,MAURY,36289,47119
54,1210,MEIGS,4511,47121
54,1230,MONROE,12589,47123
54,1250,MONTGOMERY,24747,47125
54,1290,MORGAN,2969,47129
54,1310,OBION,15584,47131
54,1330,OVERTON,11297,47133
54,1350,PERRY,6925,47135
54,1390,POLK,7369,47139
54,1410,PUTNAM,8698,47141
54,1430,RHEA,5538,47143
54,1450,ROANE,15622,47145
54,1470,ROBERTSON,16166,47147
54,1490,RUTHERFORD,33289,47149
54,1510,SCOTT,4054,47151
54,1530,SEQUATCHIE,2335,47153
54,1550,SEVIER,11028,47155
54,1570,SHELBY,76378,47157
54,1590,SMITH,15994,47159
54,1610,STEWART,12019,47161
54,1630,SULLIVAN,13136,47163
54,1650,SUMNER,23711,47165
54,1670,TIPTON,14884,47167
54,1730,UNION,7605,47173
54,1750,VAN BUREN,2725,47175
54,1770,WARREN,12714,47177
54,1790,WASHINGTON,16317,47179
54,1810,WAYNE,10209,47181
54,1830,WEAKLEY,20755,47183
54,1850,WHITE,9375,47185
54,1870,WILLIAMSON,25328,47187
54,1890,WILSON,25881,47189
54,0,TENNESSEE,1258520,47000
56,10,BARBOUR,10312,54001
56,30,BERKELEY,14900,54003
56,50,BOONE,4553,54005
56,70,BRAXTON,6480,54007
56,90,BROOKE,5464,54009
56,110,CABELL,6429,54011
56,130,CALHOUN,2939,54013
56,150,CLAY,2196,54015
56,170,DODDRIDGE,7076,54017
56,190,FAYETTE,6647,54019
56,210,GILMER,4338,54021
56,230,GRANT,4467,54023
56,250,GREENBRIER,11417,54025
56,270,HAMPSHIRE,7643,54027
56,290,HANCOCK,4363,54029
56,310,HARDY,5518,54031
56,330,HARRISON,16714,54033
56,350,JACKSON,10300,54035
56,370,JEFFERSON,13219,54037
56,390,KANAWHA,22349,54039
56,410,LEWIS,10175,54041
56,430,LINCOLN,5053,54043
56,450,LOGAN,5124,54045
56,470,MCDOWELL,1952,54047
56,490,MARION,12107,54049
56,510,MARSHALL,14941,54051
56,530,MASON,15978,54053
56,550,MERCER,7064,54055
56,570,MINERAL,6332,54057
56,610,MONONGALIA,13547,54061
56,630,MONROE,11124,54063
56,650,MORGAN,4315,54065
56,670,NICHOLAS,4458,54067
56,690,OHIO,28831,54069
56,710,PENDLETON,6455,54071
56,730,PLEASANTS,3012,54073
56,750,POCAHONTAS,4069,54075
56,770,PRESTON,14555,54077
56,790,PUTNAM,7794,54079
56,810,RALEIGH,3673,54081
56,830,RANDOLPH,5563,54083
56,850,RITCHIE,9055,54085
56,870,ROANE,7232,54087
56,910,TAYLOR,9367,54091
56,930,TUCKER,1907,54093
56,950,TYLER,7832,54095
56,970,UPSHUR,8023,54097
56,990,WAYNE,7852,54099
56,1010,WEBSTER,1730,54101
56,1030,WETZEL,8595,54103
56,1050,WIRT,4804,54105
56,1070,WOOD,19000,54107
56,1090,WYOMING,3171,54109
56,0,WEST VIRGINIA,442014,54000
61,150,MOHAVE,179,4015
61,190,PIMA,5716,4019
61,250,YAVAPAI,2142,4025
61,270,YUMA,1621,4027
61,0,ARIZONA,9658,4000
62,50,ARAPAHOE,6829,8005
62,110,BENT,592,8011
62,130,BOULDER,1939,8013
62,190,CLEAR CREEK,1596,8019
62,210,CONEJOS,2504,8021
62,230,COSTILLA,1779,8023
62,350,DOUGLAS,1388,8035
62,410,EL PASO,987,8041
62,430,FREMONT,1064,8043
62,470,GILPIN,5490,8047
62,495,GREENWOOD,510,8127
62,550,HUERFANO,2250,8055
62,590,JEFFERSON,2390,8059
62,650,LAKE,522,8065
62,690,LARIMER,838,8069
62,710,LAS ANIMAS,4276,8071
62,930,PARK,447,8093
62,1010,PUEBLO,2265,8101
62,1090,SAGUACHE,304,8109
62,1170,SUMMIT,258,8117
62,1230,WELD,1636,8123
62,0,COLORADO,39864,8000
63,10,ADA,2675,16001
63,35,ALTURAS,689,16089
63,150,BOISE,3834,16015
63,490,IDAHO,849,16049
63,590,LEMHI,988,16059
63,690,NEZ PERCE,1607,16069
63,710,ONEIDA,1922,16071
63,730,OWYHEE,1713,16073
63,790,SHOSHONE,722,16079
63,0,IDAHO,14999,16000
64,10,BEAVERHEAD,722,30001
64,30,BIG HORN,38,30003
64,150,CHOTEAU,517,30015
64,210,DAWSON,177,30021
64,230,DEER LODGE,4367,30023
64,310,GALLATIN,1578,30031
64,430,JEFFERSON,1531,30043
64,490,LEWIS & CLARK,5040,30049
64,570,MADISON,2684,30057
64,590,MEAGHER,1387,30059
64,630,MISSOULA,2554,30063
64,0,MONTANA,20595,30000
65,10,CHURCHILL,196,32001
65,50,DOUGLAS,1215,32005
65,70,ELKO,3447,32007
65,90,ESMERALDA,1553,32009
65,130,HUMBOLDT,1916,32013
65,150,LANDER,2815,32015
65,170,LINCOLN,2985,32017
65,190,LYON,1837,32019
65,230,NYE,1087,32023
65,250,ORMSBY,3668,32025
65,255,PAH UTE,,
65,279,ROOP,133,32028
65,290,STOREY,11359,32029
65,310,WASHOE,3091,32031
65,330,WHITE PINE,7189,32033
65,0,NEVADA,42491,32000
66,10,BERNALILLO,7591,35001
66,70,COLFAX,1992,35007
66,130,DONA ANA,5864,35013
66,170,GRANT,1143,35017
66,270,LINCOLN,1803,35027
66,330,MORA,8056,35033
66,390,RIO ARRIBA,9294,35039
66,470,SAN MIGUEL,16058,35047
66,475,SANTA ANA,2599,35063
66,490,SANTA FE,9699,35049
66,530,SOCORRO,6603,35053
66,550,TAOS,12079,35055
66,610,VALENCIA,9093,35061
66,0,NEW MEXICO,91874,35000
67,10,BEAVER,2007,49001
67,30,BOX ELDER,4855,49003
67,50,CACHE,8229,49005
67,110,DAVIS,4459,49011
67,210,IRON,2277,49021
67,230,JUAB,2034,49023
67,250,KANE,1513,49025
67,270,MILLARD,2753,49027
67,290,MORGAN,1972,49029
67,310,PIUTE,82,49031
67,330,RICH,1955,49033
67,335,RIO VIRGIN,450,49059
67,350,SALT LAKE,18337,49035
67,390,SANPETE,6786,49039
67,410,SEVIER,19,49041
67,430,SUMMIT,2512,49043
67,450,TOOELE,2177,49045
67,490,UTAH,12203,49049
67,510,WASATCH,1244,49051
67,530,WASHINGTON,3064,49053
67,570,WEBER,7858,49057
67,0,UTAH,86786,49000
68,10,ALBANY,2021,56001
68,70,CARBON,1368,56007
68,210,LARAMIE,2957,56021
68,370,SWEETWATER,1916,56037
68,410,UINTA,856,56041
68,0,WYOMING,9118,56000
71,10,ALAMEDA,24237,6001
71,30,ALPINE,685,6003
71,50,AMADOR,9582,6005
71,70,BUTTE,11403,6007
71,90,CALAVERAS,8895,6009
71,110,COLUSA,6165,6011
71,130,CONTRA COSTA,8461,6013
71,150,DEL NORTE,2022,6015
71,170,EL DORADO,10309,6017
71,190,FRESNO,6336,6019
71,230,HUMBOLDT,6140,6023
71,270,INYO,1956,6027
71,290,KERN,2925,6029
71,315,KLAMATH,1686,6119
71,330,LAKE,2969,6033
71,350,LASSEN,1327,6035
71,370,LOS ANGELES,15309,6037
71,410,MARIN,6903,6041
71,430,MARIPOSA,4572,6043
71,450,MENDOCINO,7545,6045
71,470,MERCED,2807,6047
71,510,MONO,430,6051
71,530,MONTEREY,9876,6053
71,550,NAPA,7163,6055
71,570,NEVADA,19134,6057
71,610,PLACER,11357,6061
71,630,PLUMAS,4489,6063
71,670,SACRAMENTO,26830,6067
71,710,SAN BERNARDINO,3988,6071
71,730,SAN DIEGO,4951,6073
71,750,SAN FRANCISCO,149473,6075
71,770,SAN JOAQUIN,21050,6077
71,790,SAN LUIS OBISPO,4772,6079
71,810,SAN MATEO,6635,6081
71,830,SANTA BARBARA,7784,6083
71,850,SANTA CLARA,26246,6085
71,870,SANTA CRUZ,8743,6087
71,890,SHASTA,4173,6089
71,910,SIERRA,5619,6091
71,930,SISKIYOU,6848,6093
71,950,SOLANO,16871,6095
71,970,SONOMA,19819,6097
71,990,STANISLAUS,6499,6099
71,1010,SUTTER,5030,6101
71,1030,TEHAMA,3587,6103
71,1050,TRINITY,3213,6105
71,1070,TULARE,4533,6107
71,1090,TUOLUMNE,8150,6109
71,1130,YOLO,9899,6113
71,1150,YUBA,10851,6115
71,0,CALIFORNIA,560247,6000
72,10,BAKER,2804,41001
72,30,BENTON,4584,41003
72,50,CLACKAMAS,5993,41005
72,70,CLATSOP,1255,41007
72,90,COLUMBIA,863,41009
72,110,COOS,1644,41011
72,150,CURRY,504,41015
72,190,DOUGLAS,6066,41019
72,230,GRANT,2251,41023
72,290,JACKSON,4778,41029
72,330,JOSEPHINE,1204,41033
72,390,LANE,6426,41039
72,430,LINN,8717,41043
72,470,MARION,9965,41047
72,510,MULTNOMAH,11510,41051
72,530,POLK,4701,41053
72,570,TILLAMOOK,408,41057
72,590,UMATILLA,2916,41059
72,610,UNION,2552,41061
72,650,WASCO,2509,41065
72,670,WASHINGTON,4261,41067
72,710,YAMHILL,5012,41071
72,0,OREGON,90923,41000
73,90,CLALLAM,408,53009
73,110,CLARKE,3081,53011
73,150,COWLITZ,730,53015
73,270,CHEHALIS,401,53081
73,290,ISLAND,626,53029
73,310,JEFFERSON,1268,53031
73,330,KING,2120,53033
73,350,KITSAP,866,53035
73,390,KLICKITAT,329,53039
73,410,LEWIS,888,53041
73,450,MASON,289,53045
73,490,PACIFIC,738,53049
73,530,PIERCE,1409,53053
73,550,THE DISPUTED ISLANDS,554,53055
73,590,SKAMANIA,133,53059
73,610,SNOHOMISH,599,53061
73,650,STEVENS,734,53065
73,670,THURSTON,2246,53067
73,690,WAHKIAKUM,270,53069
73,710,WALLA WALLA,5300,53071
73,730,WHATCOM,534,53073
73,770,YAKIMA,432,53077
73,0,WASHINGTON,23955,53000
98,10,DIST COLUMBIA,131700,11001
98,0,DIST COLUMBIA,131700,11000
100,0,UNITED STATES,38558371,100000
